Id,Date,Steps,Calories,TotalIntensity,AvgHR,MinHR,MaxHR,SleepHours,ActiveMinutes,VeryActiveMinutes,WeightKg,BMI,steps_mismatch_flag,Weekday,ActivityLevel
1503960366,2016-04-12,13162,1988.0,429.0,,,,5.45,366.0,25.0,,,False,Tuesday,Highly active
1503960366,2016-04-13,10735,1798.0,318.0,,,,6.4,257.0,21.0,,,False,Wednesday,Active
1503960366,2016-04-14,10460,1776.0,293.0,,,,,222.0,30.0,,,False,Thursday,Active
1503960366,2016-04-15,9762,1745.0,364.0,,,,6.866666666666666,272.0,29.0,,,False,Friday,Somewhat active
1503960366,2016-04-16,12669,1866.0,349.0,,,,6.2,267.0,36.0,,,False,Saturday,Highly active
1503960366,2016-04-17,9705,1730.0,318.0,,,,11.133333333333333,222.0,38.0,,,False,Sunday,Somewhat active
1503960366,2016-04-18,13019,1920.0,391.0,,,,,291.0,42.0,,,False,Monday,Highly active
1503960366,2016-04-19,15506,2034.0,476.0,,,,5.066666666666666,345.0,50.0,,,False,Tuesday,Highly active
1503960366,2016-04-20,10544,1785.0,313.0,,,,6.0,245.0,28.0,,,False,Wednesday,Active
1503960366,2016-04-21,9819,1777.0,284.0,,,,5.416666666666667,238.0,19.0,,,False,Thursday,Somewhat active
1503960366,2016-04-22,12764,1825.0,382.0,,,,,223.0,66.0,,,False,Friday,Highly active
1503960366,2016-04-23,14371,1948.0,427.0,,,,6.016666666666667,324.0,41.0,,,False,Saturday,Highly active
1503960366,2016-04-24,10039,1790.0,365.0,,,,7.166666666666667,282.0,39.0,,,False,Sunday,Active
1503960366,2016-04-25,15355,2010.0,463.0,,,,4.616666666666666,303.0,73.0,,,False,Monday,Highly active
1503960366,2016-04-26,13755,1973.0,418.0,,,,4.083333333333333,333.0,31.0,,,False,Tuesday,Highly active
1503960366,2016-04-27,18134,2159.0,499.0,,,,,332.0,78.0,,,False,Wednesday,Highly active
1503960366,2016-04-28,13154,1901.0,389.0,,,,6.1,265.0,48.0,,,False,Thursday,Highly active
1503960366,2016-04-29,11181,1839.0,315.0,,,,5.683333333333334,271.0,16.0,,,False,Friday,Active
1503960366,2016-04-30,14673,1947.0,441.0,,,,6.733333333333333,303.0,52.0,,,False,Saturday,Highly active
1503960366,2016-05-01,10602,1828.0,415.0,,,,6.15,314.0,33.0,,,False,Sunday,Active
1503960366,2016-05-02,14727,2016.0,430.0,,,,4.616666666666666,333.0,41.0,52.5999984741211,22.6499996185303,False,Monday,Highly active
1503960366,2016-05-03,15103,1992.0,452.0,,,,4.55,328.0,50.0,52.5999984741211,22.6499996185303,False,Tuesday,Highly active
1503960366,2016-05-04,11100,1819.0,355.0,,,,,261.0,36.0,,,False,Wednesday,Active
1503960366,2016-05-05,14070,1960.0,433.0,,,,4.116666666666666,319.0,45.0,,,False,Thursday,Highly active
1503960366,2016-05-06,12159,1897.0,373.0,,,,5.566666666666666,319.0,24.0,,,False,Friday,Active
1503960366,2016-05-07,11992,1819.0,378.0,,,,5.516666666666667,258.0,37.0,,,False,Saturday,Active
1503960366,2016-05-08,10060,1740.0,351.0,,,,9.9,255.0,44.0,,,False,Sunday,Active
1503960366,2016-05-09,12022,1820.0,366.0,,,,5.633333333333334,263.0,46.0,,,False,Monday,Active
1503960366,2016-05-10,12207,1861.0,414.0,,,,6.383333333333334,291.0,46.0,,,False,Tuesday,Active
1503960366,2016-05-11,12770,1724.0,393.0,,,,4.75,298.0,36.0,,,True,Wednesday,Highly active
1503960366,2016-05-12,0,,,,,,,,,,,False,Thursday,Sedentary
1624580081,2016-04-12,8163,1433.0,146.0,,,,,146.0,0.0,,,False,Tuesday,Somewhat active
1624580081,2016-04-13,7007,1412.0,148.0,,,,,148.0,0.0,,,False,Wednesday,Low active
1624580081,2016-04-14,9107,1575.0,236.0,,,,,236.0,0.0,,,False,Thursday,Somewhat active
1624580081,2016-04-15,1510,1346.0,96.0,,,,,96.0,0.0,,,False,Friday,Sedentary
1624580081,2016-04-16,5370,1466.0,176.0,,,,,176.0,0.0,,,False,Saturday,Low active
1624580081,2016-04-17,6175,1555.0,216.0,,,,,164.0,15.0,,,False,Sunday,Low active
1624580081,2016-04-18,10536,1604.0,267.0,,,,,226.0,17.0,,,False,Monday,Active
1624580081,2016-04-19,2916,1438.0,141.0,,,,,141.0,0.0,,,False,Tuesday,Sedentary
1624580081,2016-04-20,4974,1448.0,151.0,,,,,151.0,0.0,,,False,Wednesday,Sedentary
1624580081,2016-04-21,6349,1468.0,186.0,,,,,186.0,0.0,,,False,Thursday,Low active
1624580081,2016-04-22,4026,1471.0,199.0,,,,,199.0,0.0,,,False,Friday,Sedentary
1624580081,2016-04-23,8538,1561.0,227.0,,,,,227.0,0.0,,,False,Saturday,Somewhat active
1624580081,2016-04-24,6076,1618.0,269.0,,,,,219.0,16.0,,,False,Sunday,Low active
1624580081,2016-04-25,6497,1493.0,202.0,,,,,202.0,0.0,,,False,Monday,Low active
1624580081,2016-04-26,2826,1402.0,140.0,,,,,140.0,0.0,,,False,Tuesday,Sedentary
1624580081,2016-04-27,8367,1672.0,277.0,,,,,207.0,17.0,,,False,Wednesday,Somewhat active
1624580081,2016-04-28,2759,1404.0,125.0,,,,,120.0,0.0,,,False,Thursday,Sedentary
1624580081,2016-04-29,2390,1406.0,150.0,,,,,150.0,0.0,,,False,Friday,Sedentary
1624580081,2016-04-30,6474,1656.0,303.0,,,,,258.0,11.0,,,False,Saturday,Low active
1624580081,2016-05-01,36019,2692.0,855.0,,,,,420.0,186.0,,,False,Sunday,Highly active
1624580081,2016-05-02,7155,1497.0,199.0,,,,,179.0,7.0,,,False,Monday,Low active
1624580081,2016-05-03,2100,1334.0,96.0,,,,,96.0,0.0,,,False,Tuesday,Sedentary
1624580081,2016-05-04,2193,1372.0,118.0,,,,,118.0,0.0,,,False,Wednesday,Sedentary
1624580081,2016-05-05,2470,1372.0,117.0,,,,,117.0,0.0,,,False,Thursday,Sedentary
1624580081,2016-05-06,1727,1341.0,102.0,,,,,102.0,0.0,,,False,Friday,Sedentary
1624580081,2016-05-07,2104,1474.0,182.0,,,,,182.0,0.0,,,False,Saturday,Sedentary
1624580081,2016-05-08,3427,1426.0,152.0,,,,,152.0,0.0,,,False,Sunday,Sedentary
1624580081,2016-05-09,1732,1329.0,91.0,,,,,91.0,0.0,,,False,Monday,Sedentary
1624580081,2016-05-10,2969,1393.0,139.0,,,,,139.0,0.0,,,False,Tuesday,Sedentary
1624580081,2016-05-11,3134,1363.0,112.0,,,,,112.0,0.0,,,False,Wednesday,Sedentary
1624580081,2016-05-12,2971,959.0,99.0,,,,,99.0,0.0,,,True,Thursday,Sedentary
1644430081,2016-04-12,10694,3200.0,364.0,,,,,309.0,2.0,,,False,Tuesday,Active
1644430081,2016-04-13,8001,2899.0,257.0,,,,,181.0,30.0,,,False,Wednesday,Somewhat active
1644430081,2016-04-14,11037,3224.0,383.0,,,,,315.0,5.0,,,False,Thursday,Active
1644430081,2016-04-15,5263,2748.0,187.0,,,,,177.0,3.0,,,False,Friday,Low active
1644430081,2016-04-16,15300,3489.0,449.0,,,,,305.0,51.0,,,False,Saturday,Highly active
1644430081,2016-04-17,8757,3007.0,299.0,,,,,228.0,29.0,,,False,Sunday,Somewhat active
1644430081,2016-04-18,7132,2804.0,232.0,,,,,169.0,15.0,,,False,Monday,Low active
1644430081,2016-04-19,11256,3253.0,385.0,,,,,317.0,5.0,,,False,Tuesday,Active
1644430081,2016-04-20,2436,2430.0,125.0,,,,,125.0,0.0,,,False,Wednesday,Sedentary
1644430081,2016-04-21,1223,2135.0,38.0,,,,,38.0,0.0,,,False,Thursday,Sedentary
1644430081,2016-04-22,3673,2341.0,86.0,,,,,86.0,0.0,,,False,Friday,Sedentary
1644430081,2016-04-23,6637,2672.0,190.0,,,,,175.0,0.0,,,False,Saturday,Low active
1644430081,2016-04-24,3321,2410.0,89.0,,,,,89.0,0.0,,,False,Sunday,Sedentary
1644430081,2016-04-25,3580,2493.0,120.0,,,,,103.0,8.0,,,False,Monday,Sedentary
1644430081,2016-04-26,9919,3118.0,338.0,,,,,275.0,11.0,,,False,Tuesday,Somewhat active
1644430081,2016-04-27,3032,2488.0,118.0,,,,,118.0,0.0,,,False,Wednesday,Sedentary
1644430081,2016-04-28,9405,3106.0,342.0,,,,,283.0,3.0,,,False,Thursday,Somewhat active
1644430081,2016-04-29,3176,2495.0,120.0,,,,1.9833333333333334,120.0,0.0,,,False,Friday,Sedentary
1644430081,2016-04-30,18213,3843.0,571.0,,,,2.066666666666667,482.0,9.0,,,False,Saturday,Highly active
1644430081,2016-05-01,6132,2690.0,203.0,,,,3.2333333333333334,173.0,3.0,,,False,Sunday,Low active
1644430081,2016-05-02,3758,2533.0,142.0,,,,10.033333333333333,133.0,1.0,,,False,Monday,Sedentary
1644430081,2016-05-03,12850,3320.0,436.0,,,,,322.0,10.0,,,False,Tuesday,Highly active
1644430081,2016-05-04,2309,2219.0,52.0,,,,,52.0,0.0,,,False,Wednesday,Sedentary
1644430081,2016-05-05,4363,2459.0,123.0,,,,,99.0,6.0,,,False,Thursday,Sedentary
1644430081,2016-05-06,9787,3382.0,424.0,,,,,398.0,9.0,,,False,Friday,Somewhat active
1644430081,2016-05-07,13372,3402.0,400.0,,,,,301.0,41.0,,,False,Saturday,Highly active
1644430081,2016-05-08,6724,2987.0,295.0,,,,2.283333333333333,295.0,0.0,,,False,Sunday,Low active
1644430081,2016-05-09,6643,3004.0,411.0,,,,,341.0,32.0,,,False,Monday,Low active
1644430081,2016-05-10,9167,2795.0,229.0,,,,,186.0,12.0,,,False,Tuesday,Somewhat active
1644430081,2016-05-11,1329,1179.0,40.0,,,,,40.0,0.0,,,True,Wednesday,Sedentary
1844505072,2016-04-12,6697,2031.0,339.0,,,,,339.0,0.0,,,False,Tuesday,Low active
1844505072,2016-04-13,4929,1860.0,248.0,,,,,248.0,0.0,,,False,Wednesday,Sedentary
1844505072,2016-04-14,7937,2128.0,373.0,,,,,373.0,0.0,,,False,Thursday,Somewhat active
1844505072,2016-04-15,3844,1723.0,176.0,,,,10.733333333333333,176.0,0.0,,,False,Friday,Sedentary
1844505072,2016-04-16,3414,1656.0,147.0,,,,,147.0,0.0,,,False,Saturday,Sedentary
1844505072,2016-04-17,4525,1792.0,221.0,,,,,209.0,2.0,,,False,Sunday,Sedentary
1844505072,2016-04-18,4597,1814.0,241.0,,,,,229.0,0.0,,,False,Monday,Sedentary
1844505072,2016-04-19,197,1364.0,10.0,,,,,10.0,0.0,,,False,Tuesday,Sedentary
1844505072,2016-04-20,8,1346.0,1.0,,,,,1.0,0.0,,,False,Wednesday,Sedentary
1844505072,2016-04-21,8054,2063.0,340.0,,,,,323.0,2.0,,,False,Thursday,Somewhat active
1844505072,2016-04-22,5372,1828.0,220.0,,,,,220.0,0.0,,,False,Friday,Low active
1844505072,2016-04-23,3570,1643.0,139.0,,,,,139.0,0.0,,,False,Saturday,Sedentary
1844505072,2016-04-24,0,1344.0,0.0,,,,,0.0,0.0,,,False,Sunday,Sedentary
1844505072,2016-04-25,0,1344.0,0.0,,,,,0.0,0.0,,,False,Monday,Sedentary
1844505072,2016-04-26,0,1344.0,0.0,,,,,0.0,0.0,,,False,Tuesday,Sedentary
1844505072,2016-04-27,4,1346.0,1.0,,,,,1.0,0.0,,,False,Wednesday,Sedentary
1844505072,2016-04-28,6907,1993.0,302.0,,,,,302.0,0.0,,,False,Thursday,Low active
1844505072,2016-04-29,4920,1855.0,247.0,,,,,247.0,0.0,,,False,Friday,Sedentary
1844505072,2016-04-30,4014,1763.0,184.0,,,,12.033333333333333,184.0,0.0,,,False,Saturday,Sedentary
1844505072,2016-05-01,2573,1539.0,89.0,,,,9.833333333333334,82.0,0.0,,,False,Sunday,Sedentary
1844505072,2016-05-02,0,1345.0,0.0,,,,,0.0,0.0,,,False,Monday,Sedentary
1844505072,2016-05-03,4059,1742.0,184.0,,,,,184.0,0.0,,,False,Tuesday,Sedentary
1844505072,2016-05-04,2080,1547.0,87.0,,,,,87.0,0.0,,,False,Wednesday,Sedentary
1844505072,2016-05-05,2237,1587.0,120.0,,,,,120.0,0.0,,,False,Thursday,Sedentary
1844505072,2016-05-06,44,1348.0,2.0,,,,,2.0,0.0,,,False,Friday,Sedentary
1844505072,2016-05-07,0,1344.0,0.0,,,,,0.0,0.0,,,False,Saturday,Sedentary
1844505072,2016-05-08,0,1344.0,0.0,,,,,0.0,0.0,,,False,Sunday,Sedentary
1844505072,2016-05-09,0,1344.0,0.0,,,,,0.0,0.0,,,False,Monday,Sedentary
1844505072,2016-05-10,0,1344.0,0.0,,,,,0.0,0.0,,,False,Tuesday,Sedentary
1844505072,2016-05-11,0,1344.0,0.0,,,,,0.0,0.0,,,False,Wednesday,Sedentary
1844505072,2016-05-12,0,616.0,0.0,,,,,0.0,0.0,,,False,Thursday,Sedentary
1927972279,2016-04-12,678,2195.0,55.0,,,,10.433333333333334,55.0,0.0,,,False,Tuesday,Sedentary
1927972279,2016-04-13,356,2150.0,32.0,,,,6.633333333333334,32.0,0.0,133.5,47.5400009155273,False,Wednesday,Sedentary
1927972279,2016-04-14,2163,2382.0,106.0,,,,0.7833333333333333,97.0,0.0,,,False,Thursday,Sedentary
1927972279,2016-04-15,980,2222.0,51.0,,,,7.133333333333334,51.0,0.0,,,False,Friday,Sedentary
1927972279,2016-04-16,0,2064.0,0.0,,,,,0.0,0.0,,,False,Saturday,Sedentary
1927972279,2016-04-17,0,2064.0,0.0,,,,,0.0,0.0,,,False,Sunday,Sedentary
1927972279,2016-04-18,244,2112.0,17.0,,,,,17.0,0.0,,,False,Monday,Sedentary
1927972279,2016-04-19,0,2064.0,0.0,,,,,0.0,0.0,,,False,Tuesday,Sedentary
1927972279,2016-04-20,0,2064.0,0.0,,,,,0.0,0.0,,,False,Wednesday,Sedentary
1927972279,2016-04-21,0,2065.0,0.0,,,,,0.0,0.0,,,False,Thursday,Sedentary
1927972279,2016-04-22,149,2094.0,10.0,,,,,10.0,0.0,,,False,Friday,Sedentary
1927972279,2016-04-23,2945,2500.0,145.0,,,,,145.0,0.0,,,False,Saturday,Sedentary
1927972279,2016-04-24,2090,2326.0,90.0,,,,,82.0,1.0,,,False,Sunday,Sedentary
1927972279,2016-04-25,152,2100.0,12.0,,,,1.9166666666666667,12.0,0.0,,,False,Monday,Sedentary
1927972279,2016-04-26,3761,2638.0,192.0,,,,3.0166666666666666,192.0,0.0,,,False,Tuesday,Sedentary
1927972279,2016-04-27,0,2064.0,0.0,,,,,0.0,0.0,,,False,Wednesday,Sedentary
1927972279,2016-04-28,1675,2351.0,95.0,,,,2.7666666666666666,95.0,0.0,,,False,Thursday,Sedentary
1927972279,2016-04-29,0,2064.0,0.0,,,,,0.0,0.0,,,False,Friday,Sedentary
1927972279,2016-04-30,0,2064.0,0.0,,,,,0.0,0.0,,,False,Saturday,Sedentary
1927972279,2016-05-01,2704,2411.0,114.0,,,,,85.0,14.0,,,False,Sunday,Sedentary
1927972279,2016-05-02,3790,2506.0,158.0,,,,,118.0,16.0,,,False,Monday,Sedentary
1927972279,2016-05-03,1326,2197.0,47.0,,,,,27.0,10.0,,,False,Tuesday,Sedentary
1927972279,2016-05-04,1786,2340.0,87.0,,,,,87.0,0.0,,,False,Wednesday,Sedentary
1927972279,2016-05-05,0,2064.0,0.0,,,,,0.0,0.0,,,False,Thursday,Sedentary
1927972279,2016-05-06,2091,2384.0,108.0,,,,,108.0,0.0,,,False,Friday,Sedentary
1927972279,2016-05-07,1510,2230.0,48.0,,,,,48.0,0.0,,,False,Saturday,Sedentary
1927972279,2016-05-08,0,2064.0,0.0,,,,,0.0,0.0,,,False,Sunday,Sedentary
1927972279,2016-05-09,0,2064.0,0.0,,,,,0.0,0.0,,,False,Monday,Sedentary
1927972279,2016-05-10,0,2064.0,0.0,,,,,0.0,0.0,,,False,Tuesday,Sedentary
1927972279,2016-05-11,0,2064.0,0.0,,,,,0.0,0.0,,,False,Wednesday,Sedentary
1927972279,2016-05-12,0,1376.0,0.0,,,,,0.0,0.0,,,False,Thursday,Sedentary
2022484408,2016-04-12,11875,2386.0,381.0,75.80417700578991,52.0,134.0,,283.0,42.0,,,False,Tuesday,Active
2022484408,2016-04-13,12024,2599.0,431.0,80.33758439609902,51.0,156.0,,340.0,43.0,,,False,Wednesday,Active
2022484408,2016-04-14,10690,2310.0,359.0,72.62859712230215,50.0,127.0,,292.0,32.0,,,False,Thursday,Active
2022484408,2016-04-15,11034,2525.0,381.0,80.43738211995473,53.0,189.0,,318.0,27.0,,,False,Friday,Active
2022484408,2016-04-16,10100,2174.0,296.0,75.96054724785238,49.0,136.0,,203.0,41.0,,,False,Saturday,Active
2022484408,2016-04-17,15112,2781.0,473.0,83.9171382376718,52.0,161.0,,388.0,28.0,,,False,Sunday,Highly active
2022484408,2016-04-18,14131,2768.0,461.0,82.71282877079979,54.0,153.0,,362.0,48.0,,,False,Monday,Highly active
2022484408,2016-04-19,11548,2484.0,357.0,81.954,54.0,162.0,,288.0,31.0,,,False,Tuesday,Active
2022484408,2016-04-20,15112,2896.0,546.0,83.44403973509934,50.0,166.0,,387.0,48.0,,,False,Wednesday,Highly active
2022484408,2016-04-21,12453,3157.0,673.0,86.37481962481962,53.0,203.0,,412.0,104.0,,,False,Thursday,Active
2022484408,2016-04-22,12954,2637.0,449.0,80.12544357700497,52.0,153.0,,335.0,52.0,,,False,Friday,Highly active
2022484408,2016-04-23,6001,2065.0,249.0,71.75562470081378,50.0,109.0,,249.0,0.0,,,False,Saturday,Low active
2022484408,2016-04-24,13481,2526.0,379.0,82.42124019957234,53.0,163.0,,279.0,37.0,,,False,Sunday,Highly active
2022484408,2016-04-25,11369,2466.0,365.0,82.59916054564533,49.0,159.0,,269.0,44.0,,,False,Monday,Active
2022484408,2016-04-26,10119,2790.0,488.0,83.27837450769782,51.0,154.0,,354.0,55.0,,,False,Tuesday,Active
2022484408,2016-04-27,10159,2458.0,379.0,80.89912181941004,38.0,145.0,,321.0,19.0,,,False,Wednesday,Active
2022484408,2016-04-28,10140,2295.0,349.0,71.25103398669305,51.0,114.0,,317.0,6.0,,,False,Thursday,Active
2022484408,2016-04-29,10245,2608.0,424.0,83.41287251655629,50.0,134.0,,342.0,21.0,,,False,Friday,Active
2022484408,2016-04-30,18387,2729.0,446.0,77.54921618665695,51.0,123.0,,397.0,13.0,,,False,Saturday,Highly active
2022484408,2016-05-01,10538,2377.0,376.0,73.53145917001339,44.0,118.0,,298.0,25.0,,,False,Sunday,Active
2022484408,2016-05-02,10379,2472.0,401.0,77.17174302533914,50.0,137.0,,321.0,36.0,,,False,Monday,Active
2022484408,2016-05-03,12183,2750.0,494.0,83.01962158374212,51.0,169.0,,336.0,72.0,,,False,Tuesday,Active
2022484408,2016-05-04,11768,2647.0,434.0,82.8033734939759,54.0,159.0,,335.0,36.0,,,False,Wednesday,Active
2022484408,2016-05-05,11895,2606.0,458.0,80.71003111572085,55.0,156.0,,328.0,55.0,,,False,Thursday,Active
2022484408,2016-05-06,10227,2497.0,401.0,81.7220977976857,60.0,118.0,,336.0,24.0,,,False,Friday,Active
2022484408,2016-05-07,6708,1992.0,213.0,76.06818181818181,52.0,128.0,,171.0,20.0,,,False,Saturday,Low active
2022484408,2016-05-08,3292,1842.0,135.0,76.95872093023256,53.0,127.0,,135.0,0.0,,,False,Sunday,Sedentary
2022484408,2016-05-09,13379,2709.0,496.0,81.51448231717075,51.0,133.0,,379.0,35.0,,,False,Monday,Highly active
2022484408,2016-05-10,12798,2795.0,498.0,86.58479771148345,57.0,166.0,,356.0,57.0,,,False,Tuesday,Highly active
2022484408,2016-05-11,13272,2542.0,448.0,83.52272192135625,55.0,138.0,,307.0,58.0,,,False,Wednesday,Highly active
2022484408,2016-05-12,9117,1750.0,295.0,81.4136660051035,55.0,152.0,,220.0,16.0,,,True,Thursday,Somewhat active
2026352035,2016-04-12,4414,1460.0,206.0,,,,8.4,192.0,3.0,,,False,Tuesday,Sedentary
2026352035,2016-04-13,4993,1523.0,238.0,,,,8.516666666666667,238.0,0.0,,,False,Wednesday,Sedentary
2026352035,2016-04-14,3335,1435.0,197.0,,,,9.333333333333334,197.0,0.0,,,False,Thursday,Sedentary
2026352035,2016-04-15,3821,1445.0,188.0,,,,8.616666666666667,188.0,0.0,,,False,Friday,Sedentary
2026352035,2016-04-16,2547,1375.0,150.0,,,,8.333333333333334,150.0,0.0,,,False,Saturday,Sedentary
2026352035,2016-04-17,838,1221.0,60.0,68.65625,63.0,80.0,5.15,60.0,0.0,,,False,Sunday,Sedentary
2026352035,2016-04-18,3325,1424.0,182.0,,,,2.816666666666667,182.0,0.0,,,False,Monday,Sedentary
2026352035,2016-04-19,2424,1357.0,141.0,,,,7.816666666666666,141.0,0.0,,,False,Tuesday,Sedentary
2026352035,2016-04-20,7222,1668.0,327.0,,,,7.383333333333334,327.0,0.0,,,False,Wednesday,Low active
2026352035,2016-04-21,2467,1371.0,153.0,,,,8.5,153.0,0.0,,,False,Thursday,Sedentary
2026352035,2016-04-22,2915,1403.0,162.0,,,,8.9,162.0,0.0,,,False,Friday,Sedentary
2026352035,2016-04-23,12357,1917.0,432.0,,,,8.55,432.0,0.0,,,False,Saturday,Active
2026352035,2016-04-24,3490,1403.0,164.0,,,,9.15,164.0,0.0,,,False,Sunday,Sedentary
2026352035,2016-04-25,6017,1582.0,260.0,99.50581395348837,70.0,125.0,5.866666666666666,260.0,0.0,,,False,Monday,Low active
2026352035,2016-04-26,5933,1599.0,288.0,,,,1.8833333333333333,288.0,0.0,,,False,Tuesday,Low active
2026352035,2016-04-27,6088,1593.0,286.0,,,,8.866666666666667,286.0,0.0,,,False,Wednesday,Low active
2026352035,2016-04-28,6375,1651.0,331.0,,,,7.7,331.0,0.0,,,False,Thursday,Low active
2026352035,2016-04-29,7604,1696.0,352.0,,,,9.283333333333333,352.0,0.0,,,False,Friday,Somewhat active
2026352035,2016-04-30,4729,1508.0,233.0,,,,9.866666666666667,233.0,0.0,,,False,Saturday,Sedentary
2026352035,2016-05-01,3609,1449.0,191.0,,,,8.383333333333333,191.0,0.0,,,False,Sunday,Sedentary
2026352035,2016-05-02,7018,1695.0,355.0,84.13457076566125,70.0,122.0,6.05,355.0,0.0,,,False,Monday,Low active
2026352035,2016-05-03,5992,1608.0,304.0,,,,2.3833333333333333,304.0,0.0,,,False,Tuesday,Low active
2026352035,2016-05-04,6564,1660.0,345.0,,,,9.016666666666667,345.0,0.0,,,False,Wednesday,Low active
2026352035,2016-05-05,12167,1928.0,475.0,,,,7.733333333333333,475.0,0.0,,,False,Thursday,Active
2026352035,2016-05-06,8198,1739.0,383.0,,,,8.9,383.0,0.0,,,False,Friday,Somewhat active
2026352035,2016-05-07,4193,1493.0,229.0,,,,8.683333333333334,229.0,0.0,,,False,Saturday,Sedentary
2026352035,2016-05-08,5528,1559.0,258.0,,,,9.1,258.0,0.0,,,False,Sunday,Low active
2026352035,2016-05-09,10685,1867.0,401.0,98.2339008142117,70.0,123.0,7.966666666666667,401.0,0.0,,,False,Monday,Active
2026352035,2016-05-10,254,1150.0,17.0,,,,6.483333333333333,17.0,0.0,,,False,Tuesday,Sedentary
2026352035,2016-05-11,8580,1699.0,330.0,,,,8.533333333333333,330.0,0.0,,,False,Wednesday,Somewhat active
2026352035,2016-05-12,8891,1297.0,320.0,,,,5.35,320.0,0.0,,,False,Thursday,Somewhat active
2320127002,2016-04-12,10725,2122.0,363.0,,,,,328.0,13.0,,,False,Tuesday,Active
2320127002,2016-04-13,7275,2003.0,335.0,,,,,335.0,0.0,,,False,Wednesday,Low active
2320127002,2016-04-14,3973,1695.0,191.0,,,,,191.0,0.0,,,False,Thursday,Sedentary
2320127002,2016-04-15,5205,1800.0,245.0,,,,,245.0,0.0,,,False,Friday,Low active
2320127002,2016-04-16,5057,1722.0,195.0,,,,,195.0,0.0,,,False,Saturday,Low active
2320127002,2016-04-17,6198,1850.0,249.0,,,,,249.0,0.0,,,False,Sunday,Low active
2320127002,2016-04-18,6559,1903.0,274.0,,,,,267.0,0.0,,,False,Monday,Low active
2320127002,2016-04-19,5997,1808.0,250.0,,,,,239.0,0.0,,,False,Tuesday,Low active
2320127002,2016-04-20,7192,1920.0,305.0,,,,,294.0,0.0,,,False,Wednesday,Low active
2320127002,2016-04-21,3404,1608.0,150.0,,,,,138.0,1.0,,,False,Thursday,Sedentary
2320127002,2016-04-22,5583,1848.0,266.0,,,,,266.0,0.0,,,False,Friday,Low active
2320127002,2016-04-23,5079,1801.0,242.0,,,,1.0166666666666666,242.0,0.0,,,False,Saturday,Low active
2320127002,2016-04-24,4165,1725.0,204.0,,,,,204.0,0.0,,,False,Sunday,Sedentary
2320127002,2016-04-25,3588,1653.0,171.0,,,,,160.0,3.0,,,False,Monday,Sedentary
2320127002,2016-04-26,3409,1629.0,147.0,,,,,147.0,0.0,,,False,Tuesday,Sedentary
2320127002,2016-04-27,1715,1479.0,82.0,,,,,82.0,0.0,,,False,Wednesday,Sedentary
2320127002,2016-04-28,1532,1469.0,76.0,,,,,76.0,0.0,,,False,Thursday,Sedentary
2320127002,2016-04-29,924,1407.0,45.0,,,,,45.0,0.0,,,False,Friday,Sedentary
2320127002,2016-04-30,4571,1776.0,234.0,,,,,234.0,0.0,,,False,Saturday,Sedentary
2320127002,2016-05-01,772,1400.0,40.0,,,,,40.0,0.0,,,False,Sunday,Sedentary
2320127002,2016-05-02,3634,1609.0,150.0,,,,,134.0,5.0,,,False,Monday,Sedentary
2320127002,2016-05-03,7443,1876.0,286.0,,,,,236.0,20.0,,,False,Tuesday,Low active
2320127002,2016-05-04,1201,1422.0,52.0,,,,,52.0,0.0,,,False,Wednesday,Sedentary
2320127002,2016-05-05,5202,1779.0,245.0,,,,,234.0,0.0,,,False,Thursday,Low active
2320127002,2016-05-06,4878,1738.0,204.0,,,,,204.0,0.0,,,False,Friday,Sedentary
2320127002,2016-05-07,7379,1973.0,319.0,,,,,319.0,0.0,,,False,Saturday,Low active
2320127002,2016-05-08,5161,1820.0,247.0,,,,,247.0,0.0,,,False,Sunday,Low active
2320127002,2016-05-09,3090,1627.0,145.0,,,,,145.0,0.0,,,False,Monday,Sedentary
2320127002,2016-05-10,6227,1899.0,290.0,,,,,290.0,0.0,,,False,Tuesday,Low active
2320127002,2016-05-11,6424,1904.0,300.0,,,,,300.0,0.0,,,False,Wednesday,Low active
2320127002,2016-05-12,2661,1063.0,124.0,,,,,124.0,0.0,,,False,Thursday,Sedentary
2347167796,2016-04-12,10113,2342.0,430.0,86.08233377758033,57.0,172.0,1.7833333333333334,361.0,28.0,,,False,Tuesday,Active
2347167796,2016-04-13,10352,2039.0,316.0,73.81290461804058,55.0,158.0,7.35,246.0,19.0,,,False,Wednesday,Active
2347167796,2016-04-14,10129,2012.0,305.0,72.57948213700426,52.0,154.0,7.5,255.0,1.0,,,False,Thursday,Active
2347167796,2016-04-15,10465,2136.0,335.0,75.68525687977399,55.0,136.0,6.1,309.0,1.0,,,False,Friday,Active
2347167796,2016-04-16,22244,2667.0,610.0,96.62390702822357,58.0,168.0,1.0333333333333334,406.0,66.0,,,False,Saturday,Highly active
2347167796,2016-04-17,5472,1884.0,266.0,75.36218020022247,55.0,134.0,10.45,257.0,1.0,,,False,Sunday,Low active
2347167796,2016-04-18,8247,1947.0,271.0,71.23214476924724,53.0,134.0,7.666666666666667,233.0,11.0,,,False,Monday,Somewhat active
2347167796,2016-04-19,6711,2344.0,396.0,81.30099693251533,53.0,195.0,6.2,389.0,0.0,,,False,Tuesday,Low active
2347167796,2016-04-20,10999,2195.0,388.0,78.18208496366685,53.0,161.0,1.6333333333333333,323.0,11.0,,,False,Wednesday,Active
2347167796,2016-04-21,10080,2051.0,329.0,73.41425341802132,51.0,171.0,6.666666666666667,257.0,23.0,,,False,Thursday,Active
2347167796,2016-04-22,7804,1947.0,287.0,71.99640209332752,53.0,165.0,6.116666666666666,242.0,9.0,,,False,Friday,Somewhat active
2347167796,2016-04-23,16901,2628.0,526.0,83.43309231897726,53.0,157.0,6.783333333333333,427.0,32.0,,,False,Saturday,Highly active
2347167796,2016-04-24,9471,2187.0,360.0,77.57597373188406,54.0,127.0,8.033333333333333,360.0,0.0,,,False,Sunday,Somewhat active
2347167796,2016-04-25,9482,2093.0,344.0,73.86135600335852,53.0,160.0,7.216666666666667,303.0,15.0,,,False,Monday,Somewhat active
2347167796,2016-04-26,5980,1861.0,227.0,71.73179652000444,49.0,122.0,7.183333333333334,227.0,0.0,,,False,Tuesday,Low active
2347167796,2016-04-27,11423,2195.0,391.0,75.19362135263515,51.0,144.0,7.2,330.0,26.0,,,False,Wednesday,Active
2347167796,2016-04-28,5439,1856.0,229.0,73.40854132002218,55.0,138.0,6.9,229.0,0.0,,,False,Thursday,Low active
2347167796,2016-04-29,42,345.0,2.0,62.86971235194586,54.0,85.0,5.883333333333334,2.0,0.0,,,True,Friday,Sedentary
2873212765,2016-04-12,8796,1985.0,404.0,,,,,379.0,2.0,,,False,Tuesday,Somewhat active
2873212765,2016-04-13,7618,2007.0,420.0,,,,,412.0,0.0,,,False,Wednesday,Somewhat active
2873212765,2016-04-14,7910,1895.0,331.0,,,,,331.0,0.0,,,False,Thursday,Somewhat active
2873212765,2016-04-15,8482,2066.0,448.0,,,,,448.0,0.0,,,False,Friday,Somewhat active
2873212765,2016-04-16,9685,2150.0,448.0,,,,,353.0,47.0,,,False,Saturday,Somewhat active
2873212765,2016-04-17,2524,1533.0,176.0,,,,,168.0,0.0,,,False,Sunday,Sedentary
2873212765,2016-04-18,7762,1893.0,326.0,,,,,318.0,1.0,,,False,Monday,Somewhat active
2873212765,2016-04-19,7948,1957.0,389.0,,,,,389.0,0.0,,,False,Tuesday,Somewhat active
2873212765,2016-04-20,9202,2106.0,454.0,,,,,405.0,22.0,,,False,Wednesday,Somewhat active
2873212765,2016-04-21,8859,1967.0,397.0,,,,,383.0,2.0,56.7000007629395,21.4500007629395,False,Thursday,Somewhat active
2873212765,2016-04-22,7286,1950.0,389.0,,,,,389.0,0.0,,,False,Friday,Low active
2873212765,2016-04-23,9317,2016.0,424.0,,,,,363.0,28.0,,,False,Saturday,Somewhat active
2873212765,2016-04-24,6873,1890.0,330.0,,,,,237.0,46.0,,,False,Sunday,Low active
2873212765,2016-04-25,7373,1904.0,359.0,,,,,359.0,0.0,,,False,Monday,Low active
2873212765,2016-04-26,8242,1877.0,325.0,,,,,316.0,2.0,,,False,Tuesday,Somewhat active
2873212765,2016-04-27,3516,1963.0,335.0,,,,,243.0,46.0,,,False,Wednesday,Sedentary
2873212765,2016-04-28,7913,1831.0,311.0,,,,,248.0,28.0,,,False,Thursday,Somewhat active
2873212765,2016-04-29,7365,1778.0,312.0,,,,,249.0,20.0,,,False,Friday,Low active
2873212765,2016-04-30,8452,1825.0,303.0,,,,,273.0,5.0,,,False,Saturday,Somewhat active
2873212765,2016-05-01,7399,1736.0,253.0,,,,,221.0,7.0,,,False,Sunday,Low active
2873212765,2016-05-02,7525,1877.0,348.0,,,,,341.0,0.0,,,False,Monday,Somewhat active
2873212765,2016-05-03,7412,1904.0,378.0,,,,,370.0,1.0,,,False,Tuesday,Low active
2873212765,2016-05-04,8278,2013.0,420.0,,,,,420.0,0.0,,,False,Wednesday,Somewhat active
2873212765,2016-05-05,8314,1967.0,396.0,,,,,347.0,13.0,,,False,Thursday,Somewhat active
2873212765,2016-05-06,7063,1909.0,380.0,,,,,375.0,0.0,,,False,Friday,Low active
2873212765,2016-05-07,4940,1890.0,299.0,,,,,138.0,75.0,,,False,Saturday,Sedentary
2873212765,2016-05-08,8168,2094.0,464.0,,,,,372.0,46.0,,,False,Sunday,Somewhat active
2873212765,2016-05-09,7726,1906.0,345.0,,,,,345.0,0.0,,,False,Monday,Somewhat active
2873212765,2016-05-10,8275,1960.0,373.0,,,,,373.0,0.0,,,False,Tuesday,Somewhat active
2873212765,2016-05-11,6440,1815.0,319.0,,,,,319.0,0.0,,,False,Wednesday,Low active
2873212765,2016-05-12,7566,1395.0,259.0,,,,,259.0,0.0,57.2999992370605,21.6900005340576,False,Thursday,Somewhat active
3372868164,2016-04-12,4747,1787.0,280.0,,,,,280.0,0.0,,,False,Tuesday,Sedentary
3372868164,2016-04-13,9715,2092.0,435.0,,,,,395.0,16.0,,,False,Wednesday,Somewhat active
3372868164,2016-04-14,8844,2065.0,438.0,,,,,401.0,6.0,,,False,Thursday,Somewhat active
3372868164,2016-04-15,7451,1909.0,335.0,,,,,335.0,0.0,,,False,Friday,Low active
3372868164,2016-04-16,6905,1908.0,356.0,,,,,356.0,0.0,,,False,Saturday,Low active
3372868164,2016-04-17,8199,1966.0,359.0,,,,,335.0,11.0,,,False,Sunday,Somewhat active
3372868164,2016-04-18,6798,2014.0,417.0,,,,,370.0,20.0,,,False,Monday,Low active
3372868164,2016-04-19,7711,1983.0,376.0,,,,,376.0,0.0,,,False,Tuesday,Somewhat active
3372868164,2016-04-20,4880,1867.0,325.0,,,,,292.0,15.0,,,False,Wednesday,Sedentary
3372868164,2016-04-21,8857,2125.0,448.0,,,,,403.0,18.0,,,False,Thursday,Somewhat active
3372868164,2016-04-22,3843,1668.0,206.0,,,,,206.0,0.0,,,False,Friday,Sedentary
3372868164,2016-04-23,7396,1996.0,367.0,,,,,325.0,20.0,,,False,Saturday,Low active
3372868164,2016-04-24,6731,1919.0,348.0,,,,,313.0,14.0,,,False,Sunday,Low active
3372868164,2016-04-25,5995,2012.0,416.0,,,,,416.0,0.0,,,False,Monday,Low active
3372868164,2016-04-26,8283,2056.0,403.0,,,,,357.0,22.0,,,False,Tuesday,Somewhat active
3372868164,2016-04-27,7904,2095.0,444.0,,,,,383.0,24.0,,,False,Wednesday,Somewhat active
3372868164,2016-04-28,5512,1971.0,385.0,,,,,385.0,0.0,,,False,Thursday,Low active
3372868164,2016-04-29,9135,2044.0,402.0,,,,,402.0,0.0,,,False,Friday,Somewhat active
3372868164,2016-04-30,5250,1945.0,359.0,,,,,321.0,17.0,,,False,Saturday,Low active
3372868164,2016-05-01,3077,1167.0,160.0,,,,,160.0,0.0,,,True,Sunday,Sedentary
3977333714,2016-04-12,8856,1450.0,301.0,,,,4.566666666666666,194.0,44.0,,,False,Tuesday,Somewhat active
3977333714,2016-04-13,10035,1492.0,338.0,,,,4.916666666666667,230.0,31.0,,,False,Wednesday,Active
3977333714,2016-04-14,7641,1432.0,275.0,,,,4.85,242.0,5.0,,,False,Thursday,Somewhat active
3977333714,2016-04-15,9010,1469.0,312.0,,,,7.066666666666666,240.0,15.0,,,False,Friday,Somewhat active
3977333714,2016-04-16,13459,1624.0,412.0,,,,4.716666666666667,267.0,31.0,,,False,Saturday,Highly active
3977333714,2016-04-17,10415,1529.0,354.0,,,,6.35,274.0,11.0,,,False,Sunday,Active
3977333714,2016-04-18,11663,1583.0,416.0,,,,6.866666666666666,313.0,4.0,,,False,Monday,Active
3977333714,2016-04-19,12414,1632.0,412.0,,,,3.65,307.0,19.0,,,False,Tuesday,Active
3977333714,2016-04-20,11658,1553.0,366.0,,,,2.533333333333333,264.0,2.0,,,False,Wednesday,Active
3977333714,2016-04-21,6093,1394.0,242.0,,,,5.533333333333333,242.0,0.0,,,False,Thursday,Low active
3977333714,2016-04-22,8911,1482.0,311.0,,,,5.916666666666667,233.0,33.0,,,False,Friday,Somewhat active
3977333714,2016-04-23,12058,1637.0,436.0,,,,3.9166666666666665,344.0,0.0,,,False,Saturday,Active
3977333714,2016-04-24,14112,1654.0,409.0,,,,5.166666666666667,254.0,30.0,,,False,Sunday,Highly active
3977333714,2016-04-25,11177,1564.0,301.0,,,,4.366666666666666,192.0,50.0,,,False,Monday,Active
3977333714,2016-04-26,11388,1552.0,381.0,,,,4.166666666666667,272.0,7.0,,,False,Tuesday,Active
3977333714,2016-04-27,7193,1376.0,196.0,,,,5.816666666666666,186.0,0.0,,,False,Wednesday,Low active
3977333714,2016-04-28,7114,1404.0,251.0,,,,4.35,213.0,15.0,,,False,Thursday,Low active
3977333714,2016-04-29,10645,1543.0,322.0,,,,5.55,218.0,36.0,,,False,Friday,Active
3977333714,2016-04-30,13238,1650.0,427.0,,,,4.733333333333333,289.0,43.0,,,False,Saturday,Highly active
3977333714,2016-05-01,10414,1500.0,327.0,,,,5.6,205.0,41.0,,,False,Sunday,Active
3977333714,2016-05-02,16520,1761.0,534.0,,,,3.8333333333333335,343.0,24.0,,,False,Monday,Highly active
3977333714,2016-05-03,14335,1707.0,481.0,,,,4.866666666666666,346.0,47.0,,,False,Tuesday,Highly active
3977333714,2016-05-04,13559,1620.0,376.0,,,,3.55,252.0,14.0,,,False,Wednesday,Highly active
3977333714,2016-05-05,12312,1617.0,396.0,,,,5.3,280.0,14.0,,,False,Thursday,Active
3977333714,2016-05-06,11677,1587.0,365.0,,,,5.383333333333334,252.0,29.0,,,False,Friday,Active
3977333714,2016-05-07,11550,1572.0,380.0,,,,3.95,294.0,0.0,,,False,Saturday,Active
3977333714,2016-05-08,13585,1633.0,430.0,,,,4.316666666666666,296.0,9.0,,,False,Sunday,Highly active
3977333714,2016-05-09,14687,1658.0,419.0,,,,,281.0,8.0,,,False,Monday,Highly active
3977333714,2016-05-10,13072,1627.0,429.0,,,,5.2,312.0,1.0,,,False,Tuesday,Highly active
3977333714,2016-05-11,746,,,,,,,,,,,False,Wednesday,Sedentary
4020332650,2016-04-12,8539,3648.0,373.0,83.4990136324824,49.0,133.0,5.933333333333334,350.0,4.0,,,False,Tuesday,Somewhat active
4020332650,2016-04-13,0,1992.0,0.0,,,,,0.0,0.0,,,False,Wednesday,Sedentary
4020332650,2016-04-14,108,2006.0,3.0,90.70096685082873,65.0,133.0,,3.0,0.0,,,True,Thursday,Sedentary
4020332650,2016-04-15,1882,2955.0,231.0,92.92564172832739,51.0,191.0,,141.0,36.0,,,False,Friday,Sedentary
4020332650,2016-04-16,1982,3059.0,292.0,100.90332042707966,62.0,143.0,1.2833333333333334,141.0,65.0,,,False,Saturday,Sedentary
4020332650,2016-04-17,16,1999.0,2.0,98.82608695652173,66.0,116.0,,2.0,0.0,,,True,Sunday,Sedentary
4020332650,2016-04-18,62,2006.0,2.0,,,,,2.0,0.0,,,False,Monday,Sedentary
4020332650,2016-04-19,0,1992.0,0.0,,,,,0.0,0.0,,,False,Tuesday,Sedentary
4020332650,2016-04-20,0,1992.0,0.0,,,,,0.0,0.0,,,False,Wednesday,Sedentary
4020332650,2016-04-21,0,1992.0,0.0,,,,,0.0,0.0,,,False,Thursday,Sedentary
4020332650,2016-04-22,0,1992.0,0.0,,,,,0.0,0.0,,,False,Friday,Sedentary
4020332650,2016-04-23,0,1992.0,0.0,,,,,0.0,0.0,,,False,Saturday,Sedentary
4020332650,2016-04-24,0,1992.0,0.0,,,,,0.0,0.0,,,False,Sunday,Sedentary
4020332650,2016-04-25,0,1992.0,0.0,,,,,0.0,0.0,,,False,Monday,Sedentary
4020332650,2016-04-26,0,1992.0,0.0,,,,,0.0,0.0,,,False,Tuesday,Sedentary
4020332650,2016-04-27,0,1992.0,0.0,,,,,0.0,0.0,,,False,Wednesday,Sedentary
4020332650,2016-04-28,0,1992.0,0.0,,,,,0.0,0.0,,,False,Thursday,Sedentary
4020332650,2016-04-29,0,1992.0,0.0,,,,,0.0,0.0,,,False,Friday,Sedentary
4020332650,2016-04-30,0,1992.0,0.0,,,,,0.0,0.0,,,False,Saturday,Sedentary
4020332650,2016-05-01,0,1992.0,0.0,,,,,0.0,0.0,,,False,Sunday,Sedentary
4020332650,2016-05-02,475,2218.0,53.0,90.300934243622,66.0,123.0,0.7,42.0,0.0,,,False,Monday,Sedentary
4020332650,2016-05-03,4496,2826.0,174.0,77.8770095559303,52.0,127.0,5.183333333333334,174.0,0.0,,,False,Tuesday,Sedentary
4020332650,2016-05-04,10252,3872.0,477.0,83.4561661803678,49.0,147.0,7.45,405.0,13.0,,,False,Wednesday,Active
4020332650,2016-05-05,11728,3430.0,394.0,85.57474310689543,49.0,126.0,3.7666666666666666,276.0,38.0,,,False,Thursday,Active
4020332650,2016-05-06,4369,2705.0,177.0,75.64283228276422,50.0,116.0,6.416666666666667,177.0,0.0,,,False,Friday,Sedentary
4020332650,2016-05-07,6132,2846.0,184.0,89.09170410302485,64.0,117.0,,184.0,0.0,,,True,Saturday,Low active
4020332650,2016-05-08,5862,3083.0,263.0,78.0410612388964,51.0,131.0,6.066666666666666,263.0,0.0,,,False,Sunday,Low active
4020332650,2016-05-09,4556,2791.0,192.0,86.66172595520422,55.0,155.0,0.48333333333333334,181.0,3.0,,,False,Monday,Sedentary
4020332650,2016-05-10,5546,2916.0,206.0,72.61970379024775,46.0,142.0,6.883333333333334,206.0,0.0,,,False,Tuesday,Low active
4020332650,2016-05-11,3689,2649.0,156.0,91.23313239044748,64.0,133.0,,144.0,2.0,,,False,Wednesday,Sedentary
4020332650,2016-05-12,590,1036.0,11.0,94.26967370441459,70.0,125.0,,11.0,0.0,,,True,Thursday,Sedentary
4057192912,2016-04-12,5394,2273.0,164.0,,,,,164.0,0.0,,,False,Tuesday,Low active
4057192912,2016-04-13,5974,2289.0,160.0,,,,,160.0,0.0,,,False,Wednesday,Low active
4057192912,2016-04-14,0,1776.0,0.0,,,,,0.0,0.0,,,False,Thursday,Sedentary
4057192912,2016-04-15,3984,1511.0,107.0,,,,,95.0,3.0,,,False,Friday,Sedentary
4319703577,2016-04-12,7753,1464.0,0.0,,,,,0.0,0.0,,,True,Tuesday,Somewhat active
4319703577,2016-04-13,8204,1756.0,150.0,,,,1.3166666666666667,119.0,8.0,,,True,Wednesday,Somewhat active
4319703577,2016-04-14,10210,2299.0,360.0,,,,8.1,349.0,1.0,,,False,Thursday,Active
4319703577,2016-04-15,5664,1982.0,228.0,,,,7.25,228.0,0.0,,,False,Friday,Low active
4319703577,2016-04-16,4744,1886.0,194.0,,,,8.433333333333334,194.0,0.0,,,False,Saturday,Sedentary
4319703577,2016-04-17,29,1469.0,3.0,,,,0.9333333333333333,3.0,0.0,72.4000015258789,27.4500007629395,False,Sunday,Sedentary
4319703577,2016-04-18,2276,1637.0,79.0,,,,8.55,68.0,1.0,,,False,Monday,Sedentary
4319703577,2016-04-19,8925,2203.0,311.0,,,,8.216666666666667,311.0,0.0,,,False,Tuesday,Somewhat active
4319703577,2016-04-20,8954,2215.0,342.0,,,,7.283333333333333,324.0,0.0,,,False,Wednesday,Somewhat active
4319703577,2016-04-21,3702,1530.0,34.0,,,,2.15,34.0,0.0,,,True,Thursday,Sedentary
4319703577,2016-04-22,4500,1886.0,217.0,,,,8.6,196.0,1.0,,,False,Friday,Sedentary
4319703577,2016-04-23,4935,1946.0,233.0,,,,10.65,233.0,0.0,,,False,Saturday,Sedentary
4319703577,2016-04-24,4081,1883.0,204.0,,,,8.6,197.0,1.0,,,False,Sunday,Sedentary
4319703577,2016-04-25,9259,2314.0,406.0,,,,7.966666666666667,398.0,0.0,,,False,Monday,Somewhat active
4319703577,2016-04-26,9899,2237.0,354.0,,,,7.766666666666667,317.0,8.0,,,False,Tuesday,Somewhat active
4319703577,2016-04-27,10780,2327.0,412.0,,,,6.366666666666666,353.0,6.0,,,False,Wednesday,Active
4319703577,2016-04-28,10817,2371.0,414.0,,,,8.05,380.0,13.0,,,False,Thursday,Active
4319703577,2016-04-29,7990,2177.0,343.0,,,,7.95,313.0,6.0,,,False,Friday,Somewhat active
4319703577,2016-04-30,8221,2094.0,290.0,,,,7.95,240.0,6.0,,,False,Saturday,Somewhat active
4319703577,2016-05-01,1251,1598.0,67.0,,,,8.766666666666667,67.0,0.0,,,False,Sunday,Sedentary
4319703577,2016-05-02,9261,2267.0,366.0,,,,7.783333333333333,355.0,0.0,,,False,Monday,Somewhat active
4319703577,2016-05-03,9648,2237.0,363.0,,,,7.0,321.0,8.0,,,False,Tuesday,Somewhat active
4319703577,2016-05-04,10429,2286.0,363.0,,,,,334.0,8.0,72.3000030517578,27.3799991607666,False,Wednesday,Active
4319703577,2016-05-05,13658,2533.0,477.0,,,,1.35,389.0,27.0,,,False,Thursday,Highly active
4319703577,2016-05-06,9524,2264.0,354.0,,,,6.416666666666667,331.0,6.0,,,False,Friday,Somewhat active
4319703577,2016-05-07,7937,2160.0,344.0,,,,8.583333333333334,310.0,3.0,,,False,Saturday,Somewhat active
4319703577,2016-05-08,3672,1795.0,153.0,,,,10.866666666666667,153.0,0.0,,,False,Sunday,Sedentary
4319703577,2016-05-09,10378,2347.0,408.0,,,,8.766666666666667,390.0,2.0,,,False,Monday,Active
4319703577,2016-05-10,9487,2261.0,362.0,,,,8.55,344.0,3.0,,,False,Tuesday,Somewhat active
4319703577,2016-05-11,9129,2233.0,356.0,,,,8.5,332.0,3.0,,,False,Wednesday,Somewhat active
4319703577,2016-05-12,17,247.0,2.0,,,,3.8333333333333335,2.0,0.0,,,False,Thursday,Sedentary
4388161847,2016-04-12,10122,1872.0,0.0,,,,,0.0,0.0,,,True,Tuesday,Active
4388161847,2016-04-13,10993,2507.0,181.0,67.04312865497076,45.0,130.0,,165.0,1.0,,,True,Wednesday,Active
4388161847,2016-04-14,8863,2996.0,319.0,68.43871753246754,48.0,132.0,3.466666666666667,264.0,10.0,,,False,Thursday,Somewhat active
4388161847,2016-04-15,8758,3065.0,299.0,67.47093970668115,44.0,127.0,4.966666666666667,299.0,0.0,,,False,Friday,Somewhat active
4388161847,2016-04-16,6580,3075.0,289.0,75.47658862876254,56.0,142.0,9.0,268.0,6.0,,,False,Saturday,Low active
4388161847,2016-04-17,4660,2573.0,201.0,66.39134502923977,49.0,113.0,8.3,201.0,0.0,,,False,Sunday,Sedentary
4388161847,2016-04-18,11009,3273.0,336.0,81.49099490746491,50.0,176.0,2.3,274.0,27.0,,,False,Monday,Active
4388161847,2016-04-19,10181,3016.0,341.0,65.5324563295234,46.0,136.0,7.216666666666667,285.0,20.0,,,False,Tuesday,Active
4388161847,2016-04-20,10553,3085.0,369.0,65.40125868055556,46.0,149.0,7.166666666666667,289.0,19.0,,,False,Wednesday,Active
4388161847,2016-04-21,10055,3070.0,317.0,63.099279119767296,42.0,146.0,4.833333333333333,291.0,7.0,,,False,Thursday,Active
4388161847,2016-04-22,12139,3542.0,501.0,73.27719923266649,49.0,149.0,2.7333333333333334,322.0,77.0,,,False,Friday,Active
4388161847,2016-04-23,13236,3311.0,399.0,67.08074201158053,44.0,158.0,6.6,278.0,58.0,,,False,Saturday,Highly active
4388161847,2016-04-24,10243,2882.0,297.0,62.10169687175343,44.0,139.0,9.2,261.0,14.0,,,False,Sunday,Active
4388161847,2016-04-25,12961,3287.0,396.0,67.51205052197449,45.0,150.0,0.55,343.0,11.0,,,False,Monday,Highly active
4388161847,2016-04-26,9461,2930.0,312.0,62.51359843970094,42.0,128.0,7.733333333333333,261.0,14.0,,,False,Tuesday,Somewhat active
4388161847,2016-04-27,11193,3073.0,370.0,62.120521869318786,42.0,153.0,7.05,300.0,11.0,,,False,Wednesday,Active
4388161847,2016-04-28,10074,2968.0,309.0,62.32648343180067,41.0,131.0,4.8,262.0,19.0,,,False,Thursday,Active
4388161847,2016-04-29,9232,2978.0,307.0,66.10588863666712,44.0,133.0,,265.0,13.0,,,False,Friday,Somewhat active
4388161847,2016-04-30,12533,3284.0,428.0,64.22769296925392,45.0,113.0,8.45,357.0,14.0,,,False,Saturday,Highly active
4388161847,2016-05-01,10255,2926.0,307.0,60.02217947267172,39.0,105.0,9.266666666666667,268.0,12.0,,,False,Sunday,Active
4388161847,2016-05-02,10096,3146.0,311.0,66.39496105160661,43.0,180.0,4.366666666666666,241.0,33.0,,,False,Monday,Active
4388161847,2016-05-03,12727,3289.0,396.0,66.62235142118863,44.0,135.0,1.85,342.0,18.0,,,False,Tuesday,Highly active
4388161847,2016-05-04,12375,3162.0,398.0,61.94766681203663,42.0,126.0,7.783333333333333,307.0,35.0,,,False,Wednesday,Active
4388161847,2016-05-05,9603,2899.0,313.0,61.041297935103245,42.0,123.0,4.716666666666667,250.0,12.0,,,False,Thursday,Somewhat active
4388161847,2016-05-06,13175,3423.0,451.0,69.07669760625305,47.0,151.0,,340.0,33.0,,,False,Friday,Highly active
4388161847,2016-05-07,22770,4022.0,732.0,66.62712040795088,41.0,153.0,7.866666666666666,436.0,120.0,,,False,Saturday,Highly active
4388161847,2016-05-08,17298,3935.0,575.0,76.78011037766476,43.0,171.0,8.816666666666666,323.0,107.0,,,False,Sunday,Highly active
4388161847,2016-05-09,10218,3012.0,314.0,64.05171717171717,44.0,140.0,2.1166666666666667,283.0,6.0,,,False,Monday,Active
4388161847,2016-05-10,10299,3059.0,334.0,61.22121701669359,41.0,121.0,7.95,294.0,13.0,,,False,Tuesday,Active
4388161847,2016-05-11,10201,2954.0,316.0,59.97196611014204,40.0,125.0,4.866666666666666,282.0,8.0,,,False,Wednesday,Active
4388161847,2016-05-12,3369,1553.0,101.0,60.24690976514215,44.0,136.0,,101.0,0.0,,,True,Thursday,Sedentary
4445114986,2016-04-12,3276,2115.0,196.0,,,,7.15,196.0,0.0,,,False,Tuesday,Sedentary
4445114986,2016-04-13,2961,2096.0,194.0,,,,6.166666666666667,194.0,0.0,,,False,Wednesday,Sedentary
4445114986,2016-04-14,3974,2191.0,231.0,,,,7.35,231.0,0.0,,,False,Thursday,Sedentary
4445114986,2016-04-15,7198,2494.0,350.0,,,,5.616666666666666,350.0,0.0,,,False,Friday,Low active
4445114986,2016-04-16,3945,2183.0,225.0,,,,7.7,225.0,0.0,,,False,Saturday,Sedentary
4445114986,2016-04-17,2268,1930.0,114.0,,,,1.6333333333333333,114.0,0.0,,,False,Sunday,Sedentary
4445114986,2016-04-18,6155,2250.0,249.0,,,,,193.0,25.0,,,False,Monday,Low active
4445114986,2016-04-19,2064,1954.0,121.0,,,,6.466666666666667,121.0,0.0,,,False,Tuesday,Sedentary
4445114986,2016-04-20,2072,1973.0,137.0,,,,7.316666666666666,137.0,0.0,,,False,Wednesday,Sedentary
4445114986,2016-04-21,3809,2145.0,215.0,,,,7.266666666666667,215.0,0.0,,,False,Thursday,Sedentary
4445114986,2016-04-22,6831,2432.0,317.0,,,,6.466666666666667,317.0,0.0,,,False,Friday,Low active
4445114986,2016-04-23,4363,2151.0,201.0,,,,,201.0,0.0,,,False,Saturday,Sedentary
4445114986,2016-04-24,5002,2249.0,244.0,,,,,244.0,0.0,,,False,Sunday,Low active
4445114986,2016-04-25,3385,2074.0,179.0,,,,5.483333333333333,179.0,0.0,,,False,Monday,Sedentary
4445114986,2016-04-26,6326,2293.0,269.0,,,,5.883333333333334,210.0,29.0,,,False,Tuesday,Low active
4445114986,2016-04-27,7243,2361.0,292.0,,,,5.533333333333333,227.0,32.0,,,False,Wednesday,Low active
4445114986,2016-04-28,4493,2204.0,236.0,,,,6.983333333333333,236.0,0.0,,,False,Thursday,Sedentary
4445114986,2016-04-29,4676,2195.0,226.0,,,,1.7666666666666666,226.0,0.0,,,False,Friday,Sedentary
4445114986,2016-04-30,6222,2362.0,290.0,,,,5.366666666666666,290.0,0.0,,,False,Saturday,Low active
4445114986,2016-05-01,5232,2250.0,240.0,,,,7.316666666666666,240.0,0.0,,,False,Sunday,Low active
4445114986,2016-05-02,6910,2335.0,289.0,,,,8.383333333333333,231.0,27.0,,,False,Monday,Low active
4445114986,2016-05-03,7502,2420.0,327.0,,,,6.95,265.0,30.0,,,False,Tuesday,Somewhat active
4445114986,2016-05-04,2923,2071.0,180.0,,,,5.616666666666666,180.0,0.0,,,False,Wednesday,Sedentary
4445114986,2016-05-05,3800,2122.0,203.0,,,,7.7,193.0,2.0,,,False,Thursday,Sedentary
4445114986,2016-05-06,4514,2211.0,229.0,,,,6.233333333333333,229.0,0.0,,,False,Friday,Sedentary
4445114986,2016-05-07,5183,2123.0,194.0,,,,6.683333333333334,138.0,26.0,,,False,Saturday,Low active
4445114986,2016-05-08,7303,2423.0,324.0,,,,6.016666666666667,316.0,0.0,,,False,Sunday,Low active
4445114986,2016-05-09,5275,2279.0,266.0,,,,7.616666666666666,266.0,0.0,,,False,Monday,Low active
4445114986,2016-05-10,3915,2181.0,231.0,,,,6.75,231.0,0.0,,,False,Tuesday,Sedentary
4445114986,2016-05-11,9105,2502.0,378.0,,,,8.35,288.0,34.0,,,False,Wednesday,Somewhat active
4445114986,2016-05-12,768,1152.0,51.0,,,,8.05,35.0,0.0,,,True,Thursday,Sedentary
4558609924,2016-04-12,5135,1912.0,318.0,76.63937719738824,57.0,104.0,,318.0,0.0,,,False,Tuesday,Low active
4558609924,2016-04-13,4978,1728.0,198.0,85.10215664018162,64.0,144.0,,153.0,19.0,,,False,Wednesday,Sedentary
4558609924,2016-04-14,6799,1925.0,279.0,81.55655599324704,56.0,108.0,,279.0,0.0,,,False,Thursday,Low active
4558609924,2016-04-15,7795,2124.0,373.0,90.86349049617378,58.0,146.0,,309.0,17.0,,,False,Friday,Somewhat active
4558609924,2016-04-16,7289,1993.0,356.0,76.29632320883593,55.0,135.0,,328.0,8.0,,,False,Saturday,Low active
4558609924,2016-04-17,9634,2119.0,363.0,83.2046897899365,57.0,136.0,,330.0,7.0,,,False,Sunday,Somewhat active
4558609924,2016-04-18,8940,2119.0,403.0,80.4574690464705,55.0,141.0,,360.0,14.0,69.6999969482422,27.25,False,Monday,Somewhat active
4558609924,2016-04-19,5401,1878.0,269.0,83.0984677782785,61.0,132.0,,258.0,1.0,,,False,Tuesday,Low active
4558609924,2016-04-20,4803,1788.0,222.0,76.92327166504381,57.0,110.0,,222.0,0.0,,,False,Wednesday,Sedentary
4558609924,2016-04-21,13743,2488.0,492.0,85.66238718698361,54.0,121.0,2.1,459.0,6.0,,,False,Thursday,Highly active
4558609924,2016-04-22,9601,2096.0,383.0,82.56045881790665,57.0,140.0,,318.0,20.0,,,False,Friday,Somewhat active
4558609924,2016-04-23,6890,2082.0,333.0,85.85146641438033,60.0,133.0,,318.0,5.0,,,False,Saturday,Low active
4558609924,2016-04-24,8563,2167.0,395.0,83.96923312413898,58.0,121.0,,395.0,0.0,,,False,Sunday,Somewhat active
4558609924,2016-04-25,8095,2227.0,414.0,82.49422222222222,55.0,163.0,1.1333333333333333,368.0,18.0,70.3000030517578,27.4599990844727,False,Monday,Somewhat active
4558609924,2016-04-26,9148,2220.0,401.0,91.335402888379,59.0,148.0,0.5833333333333334,336.0,12.0,,,False,Tuesday,Somewhat active
4558609924,2016-04-27,9557,2098.0,421.0,84.5569756698491,60.0,122.0,,353.0,27.0,,,False,Wednesday,Somewhat active
4558609924,2016-04-28,9451,2187.0,392.0,85.64209429538943,59.0,133.0,1.15,379.0,1.0,,,False,Thursday,Somewhat active
4558609924,2016-04-29,7833,1921.0,300.0,80.55509145902347,53.0,139.0,1.7,241.0,15.0,,,False,Friday,Somewhat active
4558609924,2016-04-30,10319,2106.0,372.0,79.18702506521493,53.0,134.0,,329.0,7.0,,,False,Saturday,Active
4558609924,2016-05-01,3428,1692.0,190.0,70.84190403364558,53.0,127.0,1.9166666666666667,190.0,0.0,69.9000015258789,27.3199996948242,False,Sunday,Sedentary
4558609924,2016-05-02,7891,2070.0,383.0,78.66975261799969,55.0,108.0,,383.0,0.0,69.1999969482422,27.0400009155273,False,Monday,Somewhat active
4558609924,2016-05-03,5267,1957.0,320.0,82.52032630863359,52.0,148.0,,268.0,21.0,,,False,Tuesday,Low active
4558609924,2016-05-04,5232,1846.0,252.0,76.8313704496788,54.0,127.0,,252.0,0.0,,,False,Wednesday,Low active
4558609924,2016-05-05,10611,2265.0,428.0,81.93927185914653,48.0,130.0,,392.0,14.0,,,False,Thursday,Active
4558609924,2016-05-06,3755,1727.0,202.0,71.94897771228587,51.0,110.0,,202.0,0.0,,,False,Friday,Sedentary
4558609924,2016-05-07,8237,1978.0,334.0,76.24857300681275,54.0,116.0,0.7666666666666667,272.0,23.0,,,False,Saturday,Somewhat active
4558609924,2016-05-08,6543,2672.0,506.0,104.87147199305254,45.0,199.0,1.2833333333333334,339.0,66.0,,,False,Sunday,Low active
4558609924,2016-05-09,11451,2228.0,417.0,79.37543278639168,54.0,110.0,,375.0,6.0,69.0999984741211,27.0,False,Monday,Active
4558609924,2016-05-10,6435,1894.0,289.0,75.78962353685543,50.0,147.0,,249.0,11.0,,,False,Tuesday,Low active
4558609924,2016-05-11,9108,2132.0,398.0,74.92423536717901,44.0,138.0,,359.0,4.0,,,False,Wednesday,Somewhat active
4558609924,2016-05-12,6307,1407.0,232.0,79.67777199375325,54.0,117.0,,232.0,0.0,,,False,Thursday,Low active
4702921684,2016-04-12,7213,2949.0,263.0,,,,7.366666666666666,263.0,0.0,,,False,Tuesday,Low active
4702921684,2016-04-13,6877,2894.0,258.0,,,,6.266666666666667,258.0,0.0,,,False,Wednesday,Low active
4702921684,2016-04-14,7860,2986.0,271.0,,,,6.083333333333333,271.0,0.0,,,False,Thursday,Somewhat active
4702921684,2016-04-15,6506,2896.0,275.0,,,,3.8333333333333335,265.0,1.0,,,False,Friday,Low active
4702921684,2016-04-16,11140,3321.0,392.0,,,,8.3,362.0,3.0,,,False,Saturday,Active
4702921684,2016-04-17,12692,3393.0,470.0,,,,9.866666666666667,380.0,12.0,,,False,Sunday,Highly active
4702921684,2016-04-18,9105,3012.0,317.0,,,,4.8,243.0,22.0,,,False,Monday,Somewhat active
4702921684,2016-04-19,6708,2813.0,225.0,,,,7.766666666666667,197.0,10.0,,,False,Tuesday,Low active
4702921684,2016-04-20,8793,3063.0,324.0,,,,6.933333333333334,291.0,2.0,,,False,Wednesday,Somewhat active
4702921684,2016-04-21,6530,2728.0,238.0,,,,5.7,189.0,4.0,,,False,Thursday,Low active
4702921684,2016-04-22,1664,2241.0,72.0,,,,0.45,72.0,0.0,,,False,Friday,Sedentary
4702921684,2016-04-23,15126,3691.0,567.0,,,,7.95,483.0,9.0,,,False,Saturday,Highly active
4702921684,2016-04-24,15050,3539.0,516.0,,,,8.0,391.0,15.0,,,False,Sunday,Highly active
4702921684,2016-04-25,9167,3060.0,318.0,,,,6.783333333333333,291.0,6.0,,,False,Monday,Somewhat active
4702921684,2016-04-26,6108,2784.0,235.0,,,,7.266666666666667,225.0,1.0,,,False,Tuesday,Low active
4702921684,2016-04-27,7047,2903.0,273.0,,,,7.433333333333334,255.0,1.0,,,False,Wednesday,Low active
4702921684,2016-04-28,9023,3033.0,292.0,,,,7.1,255.0,14.0,,,False,Thursday,Somewhat active
4702921684,2016-04-29,9930,3164.0,341.0,,,,7.3,298.0,12.0,,,False,Friday,Somewhat active
4702921684,2016-04-30,10144,3115.0,347.0,,,,6.45,303.0,4.0,,,False,Saturday,Active
4702921684,2016-05-01,0,2016.0,0.0,,,,,0.0,0.0,,,False,Sunday,Sedentary
4702921684,2016-05-02,7245,2859.0,290.0,,,,1.1,240.0,5.0,,,False,Monday,Low active
4702921684,2016-05-03,9454,3145.0,313.0,,,,5.85,313.0,0.0,,,False,Tuesday,Somewhat active
4702921684,2016-05-04,8161,3003.0,293.0,,,,6.5,270.0,4.0,,,False,Wednesday,Somewhat active
4702921684,2016-05-05,8614,3005.0,275.0,,,,7.1,254.0,8.0,,,False,Thursday,Somewhat active
4702921684,2016-05-06,6943,2857.0,242.0,,,,8.15,224.0,1.0,,,False,Friday,Low active
4702921684,2016-05-07,14370,3683.0,546.0,,,,5.916666666666667,490.0,5.0,,,False,Saturday,Highly active
4702921684,2016-05-08,12857,3288.0,469.0,,,,1.45,326.0,9.0,,,False,Sunday,Highly active
4702921684,2016-05-09,8232,2991.0,277.0,,,,6.833333333333333,265.0,0.0,,,False,Monday,Somewhat active
4702921684,2016-05-10,10613,3171.0,339.0,,,,7.033333333333333,300.0,1.0,,,False,Tuesday,Active
4702921684,2016-05-11,9810,3068.0,347.0,,,,6.0,286.0,10.0,,,False,Wednesday,Somewhat active
4702921684,2016-05-12,2752,1220.0,68.0,,,,5.5,68.0,0.0,,,False,Thursday,Sedentary
5553957443,2016-04-12,11596,2026.0,360.0,64.36511350059737,50.0,106.0,5.766666666666667,309.0,19.0,,,False,Tuesday,Active
5553957443,2016-04-13,4832,1718.0,226.0,61.483418208918145,47.0,95.0,8.816666666666666,226.0,0.0,,,False,Wednesday,Sedentary
5553957443,2016-04-14,17022,2326.0,521.0,72.56047167909696,51.0,133.0,5.416666666666667,358.0,61.0,,,False,Thursday,Highly active
5553957443,2016-04-15,16556,2255.0,489.0,69.0200328407225,50.0,123.0,6.466666666666667,335.0,58.0,,,False,Friday,Highly active
5553957443,2016-04-16,5771,1830.0,288.0,66.0213644088371,50.0,116.0,9.966666666666667,288.0,0.0,,,False,Saturday,Low active
5553957443,2016-04-17,655,1398.0,46.0,59.37717466945024,49.0,84.0,6.633333333333334,46.0,0.0,,,False,Sunday,Sedentary
5553957443,2016-04-18,3727,1683.0,206.0,65.3844028632425,53.0,91.0,9.75,206.0,0.0,,,False,Monday,Sedentary
5553957443,2016-04-19,15482,2285.0,512.0,74.88753310631857,49.0,128.0,4.866666666666666,346.0,69.0,,,False,Tuesday,Highly active
5553957443,2016-04-20,2713,1571.0,148.0,60.040417526398834,48.0,84.0,11.083333333333334,148.0,0.0,,,False,Wednesday,Sedentary
5553957443,2016-04-21,12346,2067.0,402.0,71.33225337951068,49.0,127.0,5.816666666666666,266.0,47.0,,,False,Thursday,Active
5553957443,2016-04-22,11682,2105.0,377.0,70.42847711267606,51.0,128.0,5.283333333333333,311.0,25.0,,,False,Friday,Active
5553957443,2016-04-23,4112,1778.0,272.0,67.07407854984895,52.0,94.0,10.516666666666667,272.0,0.0,,,False,Saturday,Sedentary
5553957443,2016-04-24,1807,1508.0,104.0,63.97276314114802,50.0,92.0,11.016666666666667,104.0,0.0,,,False,Sunday,Sedentary
5553957443,2016-04-25,10946,2034.0,376.0,72.04626295690126,52.0,132.0,6.916666666666667,263.0,51.0,,,False,Monday,Active
5553957443,2016-04-26,11886,2098.0,394.0,73.01322425193321,53.0,128.0,5.883333333333334,296.0,40.0,,,False,Tuesday,Active
5553957443,2016-04-27,10538,1922.0,286.0,65.07076392877657,49.0,104.0,6.833333333333333,238.0,16.0,,,False,Wednesday,Active
5553957443,2016-04-28,11393,1999.0,338.0,71.07164801404433,51.0,149.0,7.433333333333334,227.0,49.0,,,False,Thursday,Active
5553957443,2016-04-29,12764,2170.0,438.0,73.07417008111047,50.0,156.0,5.933333333333334,331.0,46.0,,,False,Friday,Highly active
5553957443,2016-04-30,1202,1463.0,84.0,65.77999501122474,49.0,89.0,12.966666666666667,84.0,0.0,,,False,Saturday,Sedentary
5553957443,2016-05-01,5164,1746.0,237.0,66.54344989561586,49.0,116.0,11.4,237.0,0.0,,,False,Sunday,Low active
5553957443,2016-05-02,9769,1995.0,314.0,72.59142652035689,50.0,125.0,6.95,259.0,23.0,,,False,Monday,Somewhat active
5553957443,2016-05-03,12848,2114.0,383.0,69.95312333155366,50.0,134.0,4.7,302.0,26.0,,,False,Tuesday,Highly active
5553957443,2016-05-04,4249,1698.0,224.0,61.67218347322378,47.0,108.0,8.933333333333334,224.0,0.0,,,False,Wednesday,Sedentary
5553957443,2016-05-05,14331,2154.0,431.0,69.4014172571905,49.0,165.0,6.533333333333333,314.0,44.0,,,False,Thursday,Highly active
5553957443,2016-05-06,9632,1915.0,310.0,63.165196696066076,51.0,104.0,6.416666666666667,259.0,21.0,,,False,Friday,Somewhat active
5553957443,2016-05-07,1868,1495.0,96.0,63.02644230769231,51.0,140.0,6.933333333333334,96.0,0.0,,,False,Saturday,Sedentary
5553957443,2016-05-08,6083,1763.0,235.0,65.5694360947457,51.0,110.0,11.216666666666667,221.0,3.0,,,False,Sunday,Low active
5553957443,2016-05-09,11611,2271.0,472.0,76.65612883984491,51.0,149.0,6.616666666666666,332.0,59.0,,,False,Monday,Active
5553957443,2016-05-10,16358,2337.0,528.0,76.83269438710312,53.0,133.0,5.8,366.0,61.0,,,False,Tuesday,Highly active
5553957443,2016-05-11,4926,1694.0,195.0,65.40050890585242,54.0,103.0,9.75,195.0,0.0,,,False,Wednesday,Sedentary
5553957443,2016-05-12,3121,716.0,84.0,64.19532265049806,54.0,107.0,5.266666666666667,62.0,8.0,,,False,Thursday,Sedentary
5577150313,2016-04-12,8135,3406.0,430.0,65.65607369027059,41.0,154.0,7.55,242.0,86.0,,,False,Tuesday,Somewhat active
5577150313,2016-04-13,5077,2552.0,211.0,59.7035779576913,44.0,121.0,7.783333333333333,170.0,15.0,,,False,Wednesday,Low active
5577150313,2016-04-14,8596,4097.0,590.0,76.83571282888028,43.0,172.0,7.25,324.0,118.0,,,False,Thursday,Somewhat active
5577150313,2016-04-15,12087,4003.0,652.0,73.68219516499029,39.0,157.0,5.916666666666667,368.0,115.0,,,False,Friday,Active
5577150313,2016-04-16,14269,4272.0,822.0,69.84255028980566,43.0,136.0,8.683333333333334,398.0,184.0,,,False,Saturday,Highly active
5577150313,2016-04-17,12231,4551.0,833.0,71.11754189944133,40.0,174.0,8.016666666666667,396.0,200.0,90.6999969482422,28.0,False,Sunday,Active
5577150313,2016-04-18,9893,3625.0,536.0,68.649090276973,41.0,165.0,8.816666666666666,276.0,114.0,,,False,Monday,Somewhat active
5577150313,2016-04-19,12574,3500.0,481.0,70.46025152878735,42.0,159.0,7.316666666666666,242.0,108.0,,,False,Tuesday,Highly active
5577150313,2016-04-20,8330,3191.0,406.0,69.17306809487376,45.0,135.0,7.016666666666667,216.0,87.0,,,False,Wednesday,Somewhat active
5577150313,2016-04-21,10830,4019.0,653.0,72.31130021769246,43.0,168.0,6.416666666666667,359.0,110.0,,,False,Thursday,Active
5577150313,2016-04-22,9172,3283.0,446.0,64.64848702308336,43.0,132.0,5.133333333333334,292.0,62.0,,,True,Friday,Somewhat active
5577150313,2016-04-23,7638,3153.0,343.0,65.07899988261534,40.0,171.0,8.35,271.0,24.0,,,False,Saturday,Somewhat active
5577150313,2016-04-24,15764,4392.0,901.0,72.2686495562485,40.0,131.0,8.833333333333334,416.0,210.0,,,False,Sunday,Highly active
5577150313,2016-04-25,6393,3374.0,473.0,67.54545454545455,43.0,125.0,6.033333333333333,313.0,61.0,,,False,Monday,Low active
5577150313,2016-04-26,5325,3088.0,359.0,65.35988133272478,40.0,122.0,6.666666666666667,251.0,38.0,,,False,Tuesday,Low active
5577150313,2016-04-27,6805,3292.0,411.0,66.42827775239836,42.0,130.0,6.25,269.0,63.0,,,False,Wednesday,Low active
5577150313,2016-04-28,9841,3581.0,540.0,70.68770690796734,40.0,171.0,7.416666666666667,291.0,99.0,,,False,Thursday,Somewhat active
5577150313,2016-04-29,7924,3543.0,528.0,66.26641414141415,42.0,141.0,6.35,298.0,97.0,,,False,Friday,Somewhat active
5577150313,2016-04-30,12363,4502.0,874.0,71.55549407989378,41.0,138.0,6.333333333333333,415.0,207.0,,,False,Saturday,Active
5577150313,2016-05-01,13368,4545.0,904.0,73.70357503081924,44.0,140.0,7.95,444.0,194.0,,,False,Sunday,Highly active
5577150313,2016-05-02,7439,3011.0,386.0,64.60946601941748,43.0,128.0,6.533333333333333,292.0,37.0,,,False,Monday,Low active
5577150313,2016-05-03,11045,3796.0,519.0,70.00069044879172,42.0,154.0,8.466666666666667,317.0,97.0,,,False,Tuesday,Active
5577150313,2016-05-04,5206,2757.0,234.0,62.24588163514338,36.0,143.0,10.05,175.0,25.0,,,False,Wednesday,Low active
5577150313,2016-05-05,7550,3008.0,320.0,72.21057965139846,50.0,141.0,1.2333333333333334,209.0,45.0,,,False,Thursday,Somewhat active
5577150313,2016-05-06,4950,2645.0,234.0,70.48196015078084,48.0,134.0,,136.0,41.0,,,False,Friday,Sedentary
5577150313,2016-05-07,0,1824.0,0.0,,,,,0.0,0.0,,,False,Saturday,Sedentary
5577150313,2016-05-08,0,1824.0,0.0,,,,,0.0,0.0,,,False,Sunday,Sedentary
5577150313,2016-05-09,3421,2490.0,194.0,68.04024697004346,51.0,130.0,3.1166666666666667,115.0,34.0,,,False,Monday,Sedentary
5577150313,2016-05-10,8869,3842.0,580.0,75.29284883200573,42.0,172.0,7.233333333333333,335.0,104.0,,,False,Tuesday,Somewhat active
5577150313,2016-05-11,4038,1650.0,226.0,67.04067948144836,45.0,173.0,5.233333333333333,121.0,45.0,,,False,Wednesday,Sedentary
6117666160,2016-04-12,0,1488.0,0.0,,,,,0.0,0.0,,,False,Tuesday,Sedentary
6117666160,2016-04-13,0,1488.0,0.0,,,,,0.0,0.0,,,False,Wednesday,Sedentary
6117666160,2016-04-14,0,1488.0,0.0,,,,,0.0,0.0,,,False,Thursday,Sedentary
6117666160,2016-04-15,14019,2861.0,525.0,97.94359728091126,57.0,137.0,,519.0,0.0,,,False,Friday,Highly active
6117666160,2016-04-16,14450,2829.0,569.0,87.02745664739885,54.0,155.0,6.333333333333333,540.0,7.0,,,False,Saturday,Highly active
6117666160,2016-04-17,7150,2222.0,312.0,85.35302197802197,59.0,130.0,6.816666666666666,312.0,0.0,,,False,Sunday,Low active
6117666160,2016-04-18,5153,2018.0,241.0,82.91442424242425,61.0,116.0,7.1,241.0,0.0,,,False,Monday,Low active
6117666160,2016-04-19,11135,2604.0,480.0,83.5081252044934,53.0,124.0,8.4,480.0,0.0,,,False,Tuesday,Active
6117666160,2016-04-20,10449,2534.0,447.0,85.50435634937922,52.0,181.0,7.35,385.0,26.0,,,False,Wednesday,Active
6117666160,2016-04-21,19542,2365.0,365.0,79.40156418554477,52.0,154.0,8.266666666666667,324.0,11.0,,,True,Thursday,Highly active
6117666160,2016-04-22,8206,2410.0,402.0,81.7020639147803,53.0,139.0,9.466666666666667,402.0,0.0,,,False,Friday,Somewhat active
6117666160,2016-04-23,11495,2652.0,512.0,81.79523809523809,54.0,121.0,7.033333333333333,512.0,0.0,,,False,Saturday,Active
6117666160,2016-04-24,7623,2302.0,362.0,84.20596510973552,55.0,129.0,5.883333333333334,362.0,0.0,,,False,Sunday,Somewhat active
6117666160,2016-04-25,0,1488.0,0.0,,,,,0.0,0.0,,,False,Monday,Sedentary
6117666160,2016-04-26,9543,2448.0,366.0,90.57266164469554,60.0,136.0,0.03333333333333333,359.0,0.0,,,False,Tuesday,Somewhat active
6117666160,2016-04-27,9411,2580.0,458.0,83.14904055822068,52.0,126.0,9.1,458.0,0.0,,,False,Wednesday,Somewhat active
6117666160,2016-04-28,3403,1880.0,141.0,80.09522625559423,54.0,145.0,8.35,141.0,0.0,,,False,Thursday,Sedentary
6117666160,2016-04-29,9592,2563.0,461.0,82.1624183006536,55.0,121.0,8.1,461.0,0.0,,,False,Friday,Somewhat active
6117666160,2016-04-30,6987,2274.0,343.0,85.34524019004047,53.0,189.0,0.9,343.0,0.0,,,False,Saturday,Low active
6117666160,2016-05-01,8915,2359.0,397.0,77.43914274160939,55.0,114.0,7.55,397.0,0.0,,,False,Sunday,Somewhat active
6117666160,2016-05-02,4933,2036.0,235.0,91.67101621194148,61.0,123.0,,235.0,0.0,,,False,Monday,Sedentary
6117666160,2016-05-03,0,1488.0,0.0,,,,,0.0,0.0,,,False,Tuesday,Sedentary
6117666160,2016-05-04,2997,1896.0,156.0,92.89779735682819,62.0,124.0,0.08333333333333333,156.0,0.0,,,False,Wednesday,Sedentary
6117666160,2016-05-05,9799,2637.0,487.0,84.71879315839796,52.0,120.0,7.45,487.0,0.0,,,False,Thursday,Somewhat active
6117666160,2016-05-06,3365,1840.0,133.0,76.57278208441,54.0,126.0,9.966666666666667,133.0,0.0,,,False,Friday,Sedentary
6117666160,2016-05-07,7336,2468.0,412.0,83.87947810703228,54.0,126.0,9.283333333333333,412.0,0.0,,,False,Saturday,Low active
6117666160,2016-05-08,7328,2255.0,318.0,81.14073912569498,52.0,118.0,9.25,318.0,0.0,,,False,Sunday,Low active
6117666160,2016-05-09,4477,1085.0,155.0,76.46606060606061,52.0,113.0,7.216666666666667,155.0,0.0,,,True,Monday,Sedentary
6290855005,2016-04-12,4562,2563.0,199.0,,,,,199.0,0.0,,,False,Tuesday,Sedentary
6290855005,2016-04-13,7142,2908.0,350.0,,,,,350.0,0.0,,,False,Wednesday,Low active
6290855005,2016-04-14,7671,2952.0,363.0,,,,,363.0,0.0,,,False,Thursday,Somewhat active
6290855005,2016-04-15,9501,2897.0,328.0,,,,,328.0,0.0,,,False,Friday,Somewhat active
6290855005,2016-04-16,8301,2787.0,258.0,,,,,258.0,0.0,,,False,Saturday,Somewhat active
6290855005,2016-04-17,7851,3173.0,342.0,,,,,268.0,31.0,,,False,Sunday,Somewhat active
6290855005,2016-04-18,6885,2767.0,271.0,,,,,271.0,0.0,,,False,Monday,Low active
6290855005,2016-04-19,7142,2843.0,321.0,,,,,321.0,0.0,,,False,Tuesday,Low active
6290855005,2016-04-20,6361,2703.0,258.0,,,,,258.0,0.0,,,False,Wednesday,Low active
6290855005,2016-04-21,0,2064.0,0.0,,,,,0.0,0.0,,,False,Thursday,Sedentary
6290855005,2016-04-22,6238,2798.0,302.0,,,,,302.0,0.0,,,False,Friday,Low active
6290855005,2016-04-23,0,2668.0,99.0,,,,,33.0,33.0,,,False,Saturday,Sedentary
6290855005,2016-04-24,5896,2705.0,258.0,,,,,258.0,0.0,,,False,Sunday,Low active
6290855005,2016-04-25,7802,2774.0,279.0,,,,,260.0,8.0,,,False,Monday,Somewhat active
6290855005,2016-04-26,0,2064.0,0.0,,,,,0.0,0.0,,,False,Tuesday,Sedentary
6290855005,2016-04-27,5565,2746.0,287.0,,,,,287.0,0.0,,,False,Wednesday,Low active
6290855005,2016-04-28,5731,2690.0,255.0,,,,,255.0,0.0,,,False,Thursday,Low active
6290855005,2016-04-29,0,2064.0,0.0,,,,,0.0,0.0,,,False,Friday,Sedentary
6290855005,2016-04-30,6744,2846.0,324.0,,,,,324.0,0.0,,,False,Saturday,Low active
6290855005,2016-05-01,9837,3328.0,496.0,,,,,385.0,8.0,,,False,Sunday,Somewhat active
6290855005,2016-05-02,6781,2725.0,268.0,,,,,268.0,0.0,,,False,Monday,Low active
6290855005,2016-05-03,6047,2674.0,240.0,,,,,240.0,0.0,,,False,Tuesday,Low active
6290855005,2016-05-04,5832,2720.0,272.0,,,,,272.0,0.0,,,False,Wednesday,Low active
6290855005,2016-05-05,6339,2685.0,239.0,,,,,239.0,0.0,,,False,Thursday,Low active
6290855005,2016-05-06,6116,2807.0,305.0,,,,,305.0,0.0,,,False,Friday,Low active
6290855005,2016-05-07,5510,2616.0,227.0,,,,,227.0,0.0,,,False,Saturday,Low active
6290855005,2016-05-08,7706,2713.0,251.0,,,,,251.0,0.0,,,False,Sunday,Somewhat active
6290855005,2016-05-09,6277,2097.0,257.0,,,,,257.0,0.0,,,False,Monday,Low active
6290855005,2016-05-10,0,,,,,,,,,,,False,Tuesday,Sedentary
6775888955,2016-04-12,0,1848.0,0.0,,,,,0.0,0.0,,,False,Tuesday,Sedentary
6775888955,2016-04-13,4053,2401.0,172.0,82.71974376572867,55.0,135.0,3.9166666666666665,120.0,17.0,,,False,Wednesday,Sedentary
6775888955,2016-04-14,5162,2508.0,195.0,79.26807673389081,57.0,134.0,7.05,143.0,14.0,,,False,Thursday,Low active
6775888955,2016-04-15,1282,2131.0,58.0,80.59450072358901,62.0,126.0,6.516666666666667,58.0,0.0,,,False,Friday,Sedentary
6775888955,2016-04-16,4732,2231.0,153.0,108.616298811545,70.0,143.0,,63.0,36.0,,,False,Saturday,Sedentary
6775888955,2016-04-17,2497,2074.0,82.0,102.36886993603412,70.0,118.0,,48.0,5.0,,,False,Sunday,Sedentary
6775888955,2016-04-18,8294,2803.0,298.0,97.71949784229109,66.0,177.0,,207.0,30.0,,,False,Monday,Somewhat active
6775888955,2016-04-19,0,1848.0,0.0,99.46153846153847,66.0,177.0,,0.0,0.0,,,False,Tuesday,Sedentary
6775888955,2016-04-20,10771,3731.0,614.0,105.63590795169742,70.0,155.0,,361.0,70.0,,,False,Wednesday,Active
6775888955,2016-04-21,0,1848.0,0.0,,,,,0.0,0.0,,,False,Thursday,Sedentary
6775888955,2016-04-22,637,1929.0,20.0,90.88823529411765,66.0,123.0,,20.0,0.0,,,False,Friday,Sedentary
6775888955,2016-04-23,0,1848.0,0.0,,,,,0.0,0.0,,,False,Saturday,Sedentary
6775888955,2016-04-24,2153,2059.0,80.0,109.78962536023054,70.0,140.0,,40.0,11.0,,,False,Sunday,Sedentary
6775888955,2016-04-25,6474,2487.0,217.0,94.66481994459834,58.0,131.0,,138.0,33.0,,,False,Monday,Low active
6775888955,2016-04-26,7091,2590.0,233.0,99.66020593579648,56.0,143.0,,119.0,42.0,,,False,Tuesday,Low active
6775888955,2016-04-27,0,1848.0,0.0,,,,,0.0,0.0,,,False,Wednesday,Sedentary
6775888955,2016-04-28,703,2000.0,47.0,104.70873786407768,70.0,134.0,,30.0,2.0,,,False,Thursday,Sedentary
6775888955,2016-04-29,0,1848.0,0.0,81.78947368421052,70.0,109.0,,0.0,0.0,,,False,Friday,Sedentary
6775888955,2016-04-30,2503,2286.0,111.0,96.10215350635008,68.0,125.0,,96.0,3.0,,,False,Saturday,Sedentary
6775888955,2016-05-01,2487,2325.0,145.0,107.13917050691244,70.0,129.0,,93.0,9.0,,,False,Sunday,Sedentary
6775888955,2016-05-02,0,1848.0,0.0,,,,,0.0,0.0,,,False,Monday,Sedentary
6775888955,2016-05-03,9,1850.0,1.0,,,,,1.0,0.0,,,False,Tuesday,Sedentary
6775888955,2016-05-04,0,1848.0,0.0,,,,,0.0,0.0,,,False,Wednesday,Sedentary
6775888955,2016-05-05,0,1848.0,0.0,,,,,0.0,0.0,,,False,Thursday,Sedentary
6775888955,2016-05-06,4697,2501.0,181.0,98.85751072961374,71.0,135.0,,122.0,12.0,,,False,Friday,Sedentary
6775888955,2016-05-07,1967,1013.0,61.0,94.22182786157941,70.0,118.0,,52.0,2.0,,,False,Saturday,Sedentary
6962181067,2016-04-12,10199,1998.0,367.0,85.03632013919095,47.0,176.0,6.166666666666667,253.0,50.0,62.5,24.3899993896484,False,Tuesday,Active
6962181067,2016-04-13,5652,1717.0,214.0,80.51959835470602,59.0,149.0,11.0,174.0,8.0,62.0999984741211,24.2399997711182,False,Wednesday,Low active
6962181067,2016-04-14,1551,1468.0,86.0,70.12622079367041,55.0,131.0,7.9,86.0,0.0,61.7000007629395,24.1000003814697,False,Thursday,Sedentary
6962181067,2016-04-15,5563,1755.0,217.0,72.99198084979055,54.0,115.0,6.166666666666667,217.0,0.0,61.5,24.0,False,Friday,Low active
6962181067,2016-04-16,13217,2171.0,436.0,82.04018218623482,55.0,142.0,5.95,333.0,50.0,62.0,24.2099990844727,False,Saturday,Highly active
6962181067,2016-04-17,10145,2028.0,336.0,76.66448880822746,58.0,139.0,7.9,313.0,5.0,61.4000015258789,23.9599990844727,False,Sunday,Active
6962181067,2016-04-18,11404,2040.0,361.0,76.9169910837624,55.0,134.0,7.216666666666667,293.0,13.0,61.2000007629395,23.8899993896484,False,Monday,Active
6962181067,2016-04-19,10742,2046.0,382.0,77.42858801672085,58.0,135.0,7.616666666666666,271.0,35.0,61.4000015258789,23.9599990844727,False,Tuesday,Active
6962181067,2016-04-20,13928,2174.0,449.0,74.90601080594327,50.0,137.0,7.433333333333334,349.0,48.0,61.7000007629395,24.1000003814697,False,Wednesday,Highly active
6962181067,2016-04-21,11835,2179.0,427.0,83.47130206625123,49.0,173.0,7.216666666666667,294.0,53.0,61.4000015258789,23.9599990844727,False,Thursday,Active
6962181067,2016-04-22,10725,2088.0,396.0,79.11627137341424,55.0,169.0,7.6,303.0,30.0,61.4000015258789,23.9599990844727,False,Friday,Active
6962181067,2016-04-23,20031,2572.0,603.0,84.64590097402598,52.0,152.0,7.8,446.0,58.0,61.5,24.0,False,Saturday,Highly active
6962181067,2016-04-24,5029,1705.0,199.0,68.82344093486059,49.0,114.0,8.583333333333334,199.0,0.0,61.5,24.0,False,Sunday,Low active
6962181067,2016-04-25,13239,2193.0,449.0,73.98988232706478,51.0,142.0,7.333333333333333,348.0,35.0,61.7000007629395,24.1000003814697,False,Monday,Highly active
6962181067,2016-04-26,10433,2018.0,376.0,77.07536166872266,51.0,140.0,7.566666666666666,297.0,36.0,,,False,Tuesday,Active
6962181067,2016-04-27,10320,2036.0,376.0,72.99697498545666,53.0,142.0,6.883333333333334,324.0,7.0,61.2000007629395,23.8899993896484,False,Wednesday,Active
6962181067,2016-04-28,12627,2185.0,418.0,82.0752688172043,54.0,174.0,7.766666666666667,334.0,38.0,61.2000007629395,23.8899993896484,False,Thursday,Highly active
6962181067,2016-04-29,10762,2253.0,435.0,80.9635204922536,56.0,141.0,6.533333333333333,396.0,12.0,61.4000015258789,23.9599990844727,False,Friday,Active
6962181067,2016-04-30,10081,2004.0,365.0,80.1626647834275,53.0,141.0,7.033333333333333,285.0,32.0,61.0,23.8199996948242,False,Saturday,Active
6962181067,2016-05-01,5454,1741.0,215.0,73.29039031620553,56.0,127.0,8.066666666666666,215.0,0.0,61.7000007629395,24.1000003814697,False,Sunday,Low active
6962181067,2016-05-02,12912,2161.0,445.0,79.67409119562933,56.0,140.0,6.65,370.0,18.0,61.5,24.0,False,Monday,Highly active
6962181067,2016-05-03,12109,2074.0,402.0,75.40436222450612,53.0,157.0,7.333333333333333,324.0,21.0,61.0,23.8199996948242,False,Tuesday,Active
6962181067,2016-05-04,10147,2086.0,401.0,79.47459105779717,55.0,174.0,6.8,335.0,15.0,61.0999984741211,23.8500003814697,False,Wednesday,Active
6962181067,2016-05-05,10524,2066.0,391.0,76.64476227290298,54.0,128.0,7.933333333333334,341.0,14.0,61.2999992370605,23.9300003051758,False,Thursday,Active
6962181067,2016-05-06,5908,1850.0,299.0,72.33436738311545,52.0,114.0,6.933333333333334,299.0,0.0,61.5,24.0,False,Friday,Low active
6962181067,2016-05-07,6815,1947.0,328.0,76.97600374575676,57.0,125.0,5.483333333333333,328.0,0.0,61.2000007629395,23.8899993896484,False,Saturday,Low active
6962181067,2016-05-08,4188,1660.0,179.0,74.99709744298549,54.0,116.0,8.9,165.0,0.0,61.2000007629395,23.8899993896484,False,Sunday,Sedentary
6962181067,2016-05-09,12342,2105.0,402.0,77.01762783095961,56.0,181.0,8.933333333333334,295.0,43.0,62.4000015258789,24.3500003814697,False,Monday,Active
6962181067,2016-05-10,15448,2361.0,529.0,83.32208250606662,57.0,184.0,7.083333333333333,371.0,62.0,62.0999984741211,24.2399997711182,False,Tuesday,Highly active
6962181067,2016-05-11,6722,1855.0,285.0,79.25104235242485,53.0,145.0,7.933333333333334,230.0,24.0,61.9000015258789,24.1700000762939,False,Wednesday,Low active
6962181067,2016-05-12,3587,925.0,121.0,75.71574096531651,60.0,117.0,7.75,113.0,0.0,61.9000015258789,24.1700000762939,False,Thursday,Sedentary
7007744171,2016-04-12,14172,2940.0,530.0,96.42644387940429,70.0,151.0,,416.0,53.0,,,False,Tuesday,Highly active
7007744171,2016-04-13,12862,2744.0,473.0,93.00640161725067,70.0,144.0,,339.0,56.0,,,False,Wednesday,Highly active
7007744171,2016-04-14,11179,2670.0,418.0,92.3463724506854,54.0,132.0,,344.0,34.0,,,False,Thursday,Active
7007744171,2016-04-15,5273,2099.0,202.0,84.83902094610497,60.0,128.0,,202.0,0.0,,,False,Friday,Low active
7007744171,2016-04-16,4631,2077.0,203.0,79.95248226950355,61.0,129.0,1.3166666666666667,203.0,0.0,,,False,Saturday,Sedentary
7007744171,2016-04-17,8059,2383.0,305.0,85.97764946917489,63.0,127.0,,305.0,0.0,,,False,Sunday,Somewhat active
7007744171,2016-04-18,14816,2834.0,490.0,93.21345934495682,65.0,139.0,,363.0,48.0,,,False,Monday,Highly active
7007744171,2016-04-19,14194,2812.0,497.0,94.4138051246296,67.0,138.0,,374.0,53.0,,,False,Tuesday,Highly active
7007744171,2016-04-20,15566,3098.0,593.0,96.79697587495752,70.0,151.0,,440.0,60.0,,,False,Wednesday,Highly active
7007744171,2016-04-21,13744,2765.0,485.0,92.19450171821306,64.0,136.0,,391.0,30.0,,,False,Thursday,Highly active
7007744171,2016-04-22,15299,2891.0,553.0,93.92858369098713,57.0,156.0,,375.0,64.0,,,False,Friday,Highly active
7007744171,2016-04-23,8093,2286.0,279.0,93.28872775214239,66.0,135.0,,250.0,2.0,,,False,Saturday,Somewhat active
7007744171,2016-04-24,11085,2667.0,419.0,95.19453842435959,66.0,122.0,,419.0,0.0,,,False,Sunday,Active
7007744171,2016-04-25,18229,3055.0,580.0,94.64476021314387,60.0,137.0,,454.0,51.0,,,False,Monday,Highly active
7007744171,2016-04-26,15090,2939.0,516.0,90.65212512273811,63.0,143.0,,462.0,16.0,,,False,Tuesday,Highly active
7007744171,2016-04-27,13541,2831.0,511.0,95.18625238673842,71.0,137.0,,399.0,50.0,,,False,Wednesday,Highly active
7007744171,2016-04-28,15128,2839.0,481.0,89.45166402535658,58.0,152.0,,433.0,16.0,,,False,Thursday,Highly active
7007744171,2016-04-29,20067,3183.0,631.0,93.94141876430206,63.0,145.0,,479.0,55.0,,,False,Friday,Highly active
7007744171,2016-04-30,3761,2051.0,200.0,80.32344497607656,61.0,124.0,,200.0,0.0,,,False,Saturday,Sedentary
7007744171,2016-05-01,5600,2228.0,237.0,84.96455424274973,57.0,128.0,0.9666666666666667,237.0,0.0,,,False,Sunday,Low active
7007744171,2016-05-02,13041,2642.0,470.0,86.10571081409478,58.0,147.0,,328.0,64.0,,,False,Monday,Highly active
7007744171,2016-05-03,14510,2980.0,566.0,93.36198046034112,65.0,138.0,,419.0,58.0,,,False,Tuesday,Highly active
7007744171,2016-05-04,0,1560.0,0.0,,,,,0.0,0.0,,,False,Wednesday,Sedentary
7007744171,2016-05-05,15010,2935.0,522.0,97.89637305699482,70.0,133.0,,393.0,53.0,,,False,Thursday,Highly active
7007744171,2016-05-06,11459,2555.0,405.0,87.15,62.0,166.0,,304.0,44.0,,,False,Friday,Active
7007744171,2016-05-07,0,65.0,0.0,,,,,0.0,0.0,,,False,Saturday,Sedentary
7086361926,2016-04-12,11317,2773.0,342.0,,,,7.716666666666667,218.0,59.0,,,False,Tuesday,Active
7086361926,2016-04-13,5813,2517.0,300.0,,,,7.9,212.0,31.0,,,False,Wednesday,Low active
7086361926,2016-04-14,9123,2729.0,358.0,,,,6.6,256.0,35.0,,,False,Thursday,Somewhat active
7086361926,2016-04-15,8585,2396.0,271.0,,,,6.283333333333333,190.0,30.0,,,False,Friday,Somewhat active
7086361926,2016-04-16,31,1637.0,3.0,,,,,3.0,0.0,,,False,Saturday,Sedentary
7086361926,2016-04-17,0,1632.0,0.0,,,,,0.0,0.0,,,False,Sunday,Sedentary
7086361926,2016-04-18,9827,2744.0,399.0,,,,1.1833333333333333,226.0,61.0,,,False,Monday,Somewhat active
7086361926,2016-04-19,10688,2945.0,463.0,,,,8.316666666666666,260.0,67.0,,,False,Tuesday,Active
7086361926,2016-04-20,14365,2997.0,432.0,,,,6.566666666666666,245.0,87.0,,,False,Wednesday,Highly active
7086361926,2016-04-21,9469,2465.0,275.0,,,,6.933333333333334,231.0,19.0,,,False,Thursday,Somewhat active
7086361926,2016-04-22,9753,2842.0,445.0,,,,6.7,270.0,58.0,,,False,Friday,Somewhat active
7086361926,2016-04-23,2817,1966.0,90.0,,,,,90.0,0.0,,,False,Saturday,Sedentary
7086361926,2016-04-24,3520,2048.0,125.0,,,,12.1,125.0,0.0,,,False,Sunday,Sedentary
7086361926,2016-04-25,10091,2754.0,414.0,,,,8.166666666666666,237.0,69.0,,,False,Monday,Active
7086361926,2016-04-26,10387,2780.0,408.0,,,,7.75,235.0,70.0,,,False,Tuesday,Active
7086361926,2016-04-27,11107,2693.0,322.0,,,,6.666666666666667,206.0,55.0,,,False,Wednesday,Active
7086361926,2016-04-28,11584,2858.0,419.0,,,,5.9,263.0,54.0,,,False,Thursday,Active
7086361926,2016-04-29,7881,2615.0,326.0,,,,,242.0,24.0,,,False,Friday,Somewhat active
7086361926,2016-04-30,14560,2997.0,468.0,,,,8.083333333333334,367.0,42.0,,,False,Saturday,Highly active
7086361926,2016-05-01,12390,2727.0,378.0,,,,7.05,303.0,30.0,,,False,Sunday,Active
7086361926,2016-05-02,10052,2757.0,389.0,,,,7.683333333333334,231.0,66.0,,,False,Monday,Active
7086361926,2016-05-03,10288,2755.0,395.0,,,,7.133333333333334,245.0,57.0,,,False,Tuesday,Active
7086361926,2016-05-04,10988,2655.0,294.0,,,,6.533333333333333,192.0,45.0,,,False,Wednesday,Active
7086361926,2016-05-05,8564,2382.0,249.0,,,,,187.0,24.0,,,False,Thursday,Somewhat active
7086361926,2016-05-06,12461,2924.0,476.0,,,,5.366666666666666,273.0,84.0,,,False,Friday,Active
7086361926,2016-05-07,12827,2738.0,353.0,,,,8.833333333333334,271.0,20.0,,,False,Saturday,Highly active
7086361926,2016-05-08,10677,2532.0,297.0,,,,8.483333333333333,206.0,32.0,,,False,Sunday,Active
7086361926,2016-05-09,13566,2958.0,472.0,,,,6.65,288.0,67.0,,,False,Monday,Highly active
7086361926,2016-05-10,14433,2795.0,368.0,,,,0.9333333333333333,201.0,72.0,,,False,Tuesday,Highly active
7086361926,2016-05-11,9572,2735.0,379.0,,,,7.333333333333333,225.0,57.0,,,False,Wednesday,Somewhat active
7086361926,2016-05-12,3789,995.0,32.0,,,,6.65,32.0,0.0,,,True,Thursday,Sedentary
8053475328,2016-04-12,18060,3186.0,487.0,,,,,247.0,116.0,,,False,Tuesday,Highly active
8053475328,2016-04-13,16433,3140.0,465.0,,,,,263.0,95.0,,,False,Wednesday,Highly active
8053475328,2016-04-14,20159,3407.0,560.0,,,,,317.0,119.0,,,False,Thursday,Highly active
8053475328,2016-04-15,20669,3410.0,570.0,,,,,298.0,132.0,,,False,Friday,Highly active
8053475328,2016-04-16,14549,2868.0,383.0,,,,,185.0,96.0,,,False,Saturday,Highly active
8053475328,2016-04-17,18827,3211.0,570.0,,,,,327.0,111.0,,,False,Sunday,Highly active
8053475328,2016-04-18,17076,3134.0,513.0,,,,,303.0,102.0,,,False,Monday,Highly active
8053475328,2016-04-19,15929,3112.0,475.0,,,,,288.0,90.0,,,False,Tuesday,Highly active
8053475328,2016-04-20,15108,3044.0,435.0,,,,8.1,252.0,89.0,,,False,Wednesday,Highly active
8053475328,2016-04-21,16057,3103.0,482.0,,,,,276.0,100.0,,,False,Thursday,Highly active
8053475328,2016-04-22,10520,2655.0,303.0,,,,,180.0,60.0,,,False,Friday,Active
8053475328,2016-04-23,22359,3555.0,626.0,,,,5.516666666666667,362.0,125.0,,,False,Saturday,Highly active
8053475328,2016-04-24,22988,3575.0,635.0,,,,,344.0,129.0,,,False,Sunday,Highly active
8053475328,2016-04-25,20500,3402.0,581.0,,,,,336.0,118.0,,,False,Monday,Highly active
8053475328,2016-04-26,12685,2846.0,399.0,,,,,258.0,68.0,,,False,Tuesday,Highly active
8053475328,2016-04-27,12422,2850.0,383.0,,,,,253.0,60.0,,,False,Wednesday,Active
8053475328,2016-04-28,15447,3062.0,441.0,,,,,252.0,90.0,,,False,Thursday,Highly active
8053475328,2016-04-29,12315,2793.0,349.0,,,,,225.0,58.0,,,False,Friday,Active
8053475328,2016-04-30,7135,2408.0,214.0,,,,,159.0,27.0,,,False,Saturday,Low active
8053475328,2016-05-01,1170,1885.0,51.0,,,,,51.0,0.0,,,False,Sunday,Sedentary
8053475328,2016-05-02,1969,1992.0,95.0,,,,,95.0,0.0,,,False,Monday,Sedentary
8053475328,2016-05-03,15484,3022.0,470.0,,,,,274.0,87.0,,,False,Tuesday,Highly active
8053475328,2016-05-04,14581,2916.0,406.0,,,,,220.0,89.0,,,False,Wednesday,Highly active
8053475328,2016-05-05,14990,2954.0,427.0,,,,,232.0,93.0,,,False,Thursday,Highly active
8053475328,2016-05-06,13953,2864.0,390.0,,,,,195.0,90.0,,,False,Friday,Highly active
8053475328,2016-05-07,19769,3332.0,551.0,,,,1.2333333333333334,289.0,121.0,,,False,Saturday,Highly active
8053475328,2016-05-08,22026,3591.0,631.0,,,,,367.0,125.0,,,False,Sunday,Highly active
8053475328,2016-05-09,12465,2767.0,370.0,,,,,226.0,66.0,,,False,Monday,Active
8053475328,2016-05-10,14810,2928.0,423.0,,,,,221.0,96.0,,,False,Tuesday,Highly active
8053475328,2016-05-11,12209,2811.0,378.0,,,,,251.0,60.0,,,False,Wednesday,Active
8053475328,2016-05-12,4998,1487.0,130.0,,,,,70.0,28.0,,,False,Thursday,Sedentary
8253242879,2016-04-12,9033,2039.0,278.0,,,,,196.0,40.0,,,False,Tuesday,Somewhat active
8253242879,2016-04-13,8053,1930.0,223.0,,,,,142.0,35.0,,,False,Wednesday,Somewhat active
8253242879,2016-04-14,5234,1695.0,152.0,,,,,78.0,29.0,,,False,Thursday,Low active
8253242879,2016-04-15,2672,1626.0,105.0,,,,,105.0,0.0,,,False,Friday,Sedentary
8253242879,2016-04-16,9256,1876.0,235.0,,,,,172.0,6.0,,,False,Saturday,Somewhat active
8253242879,2016-04-17,10204,2108.0,290.0,,,,,203.0,41.0,,,False,Sunday,Active
8253242879,2016-04-18,5151,1824.0,210.0,,,,,162.0,16.0,,,False,Monday,Low active
8253242879,2016-04-19,4212,1760.0,164.0,,,,,164.0,0.0,,,False,Tuesday,Sedentary
8253242879,2016-04-20,6466,1927.0,267.0,,,,,239.0,5.0,,,False,Wednesday,Low active
8253242879,2016-04-21,11268,2214.0,359.0,,,,,241.0,49.0,,,False,Thursday,Active
8253242879,2016-04-22,2824,1644.0,120.0,,,,,120.0,0.0,,,False,Friday,Sedentary
8253242879,2016-04-23,9282,2129.0,333.0,,,,,247.0,30.0,,,False,Saturday,Somewhat active
8253242879,2016-04-24,8905,1972.0,213.0,,,,,127.0,41.0,,,False,Sunday,Somewhat active
8253242879,2016-04-25,6829,1903.0,247.0,,,,,179.0,7.0,,,False,Monday,Low active
8253242879,2016-04-26,4562,1809.0,193.0,,,,,141.0,19.0,,,False,Tuesday,Sedentary
8253242879,2016-04-27,10232,2005.0,249.0,,,,,154.0,45.0,,,False,Wednesday,Active
8253242879,2016-04-28,2718,1570.0,85.0,,,,,47.0,11.0,,,False,Thursday,Sedentary
8253242879,2016-04-29,6260,1781.0,202.0,,,,,156.0,16.0,,,True,Friday,Low active
8253242879,2016-04-30,0,,,,,,,,,,,False,Saturday,Sedentary
8378563200,2016-04-12,7626,3636.0,381.0,,,,7.433333333333334,236.0,65.0,,,False,Tuesday,Somewhat active
8378563200,2016-04-13,12386,4080.0,545.0,,,,7.283333333333333,299.0,116.0,,,False,Wednesday,Active
8378563200,2016-04-14,13318,4164.0,585.0,,,,6.65,318.0,123.0,,,False,Thursday,Highly active
8378563200,2016-04-15,14461,3655.0,416.0,,,,6.966666666666667,273.0,60.0,,,False,Friday,Highly active
8378563200,2016-04-16,11207,3362.0,376.0,,,,9.433333333333334,227.0,64.0,,,False,Saturday,Active
8378563200,2016-04-17,2132,2571.0,93.0,,,,10.916666666666666,93.0,0.0,,,False,Sunday,Sedentary
8378563200,2016-04-18,13630,4159.0,545.0,,,,6.35,301.0,117.0,,,False,Monday,Highly active
8378563200,2016-04-19,13070,4091.0,552.0,,,,6.4,293.0,120.0,,,False,Tuesday,Highly active
8378563200,2016-04-20,9388,3787.0,431.0,,,,6.6,259.0,82.0,,,False,Wednesday,Somewhat active
8378563200,2016-04-21,15148,4238.0,588.0,,,,7.483333333333333,298.0,137.0,,,False,Thursday,Highly active
8378563200,2016-04-22,12200,4046.0,522.0,,,,5.933333333333334,284.0,113.0,,,False,Friday,Active
8378563200,2016-04-23,5709,2910.0,213.0,,,,8.466666666666667,165.0,19.0,,,False,Saturday,Low active
8378563200,2016-04-24,3703,2743.0,135.0,,,,8.883333333333333,135.0,0.0,,,False,Sunday,Sedentary
8378563200,2016-04-25,12405,4009.0,524.0,,,,7.566666666666666,274.0,117.0,,,False,Monday,Active
8378563200,2016-04-26,16208,3765.0,467.0,,,,8.7,269.0,90.0,,,False,Tuesday,Highly active
8378563200,2016-04-27,7359,3061.0,212.0,,,,8.7,200.0,4.0,,,False,Wednesday,Low active
8378563200,2016-04-28,5417,2884.0,192.0,,,,8.633333333333333,160.0,11.0,,,False,Thursday,Low active
8378563200,2016-04-29,6175,2982.0,195.0,,,,7.816666666666666,182.0,3.0,,,False,Friday,Low active
8378563200,2016-04-30,2946,2660.0,121.0,,,,7.233333333333333,121.0,0.0,,,False,Saturday,Sedentary
8378563200,2016-05-01,11419,3370.0,360.0,,,,8.466666666666667,208.0,71.0,,,False,Sunday,Active
8378563200,2016-05-02,6064,3491.0,339.0,,,,6.766666666666667,209.0,63.0,,,False,Monday,Low active
8378563200,2016-05-03,8712,3786.0,448.0,,,,5.016666666666667,286.0,71.0,,,False,Tuesday,Somewhat active
8378563200,2016-05-04,7875,3109.0,244.0,,,,8.733333333333333,196.0,19.0,,,False,Wednesday,Somewhat active
8378563200,2016-05-05,8567,3785.0,418.0,,,,5.816666666666666,283.0,66.0,,,False,Thursday,Somewhat active
8378563200,2016-05-06,7045,3645.0,398.0,,,,5.65,245.0,74.0,,,False,Friday,Low active
8378563200,2016-05-07,4468,2800.0,158.0,,,,6.366666666666666,158.0,0.0,,,False,Saturday,Sedentary
8378563200,2016-05-08,2943,2684.0,139.0,,,,10.45,139.0,0.0,,,False,Sunday,Sedentary
8378563200,2016-05-09,8382,3721.0,410.0,,,,6.166666666666667,255.0,71.0,,,False,Monday,Somewhat active
8378563200,2016-05-10,6582,3588.0,367.0,,,,5.8,228.0,63.0,,,False,Tuesday,Low active
8378563200,2016-05-11,9143,3788.0,420.0,,,,6.45,266.0,72.0,,,False,Wednesday,Somewhat active
8378563200,2016-05-12,4561,1857.0,127.0,,,,6.016666666666667,91.0,8.0,,,True,Thursday,Sedentary
8583815059,2016-04-12,5014,2650.0,210.0,,,,,203.0,0.0,,,False,Tuesday,Low active
8583815059,2016-04-13,5571,2653.0,215.0,,,,,188.0,2.0,,,False,Wednesday,Low active
8583815059,2016-04-14,3135,2442.0,134.0,,,,,134.0,0.0,,,False,Thursday,Sedentary
8583815059,2016-04-15,3430,2207.0,65.0,,,,,65.0,0.0,,,True,Friday,Sedentary
8583815059,2016-04-16,5319,2016.0,0.0,,,,,0.0,0.0,,,True,Saturday,Low active
8583815059,2016-04-17,3008,2016.0,0.0,,,,,0.0,0.0,,,True,Sunday,Sedentary
8583815059,2016-04-18,3864,2496.0,161.0,,,,,131.0,4.0,,,True,Monday,Sedentary
8583815059,2016-04-19,5697,2668.0,207.0,,,,,183.0,7.0,,,False,Tuesday,Low active
8583815059,2016-04-20,5273,2647.0,221.0,,,,,194.0,0.0,,,False,Wednesday,Low active
8583815059,2016-04-21,8538,2883.0,299.0,,,,,211.0,35.0,,,False,Thursday,Somewhat active
8583815059,2016-04-22,8687,2944.0,332.0,,,,,270.0,4.0,,,False,Friday,Somewhat active
8583815059,2016-04-23,9423,3011.0,347.0,,,,,289.0,7.0,,,False,Saturday,Somewhat active
8583815059,2016-04-24,8286,2887.0,300.0,,,,,252.0,2.0,,,False,Sunday,Somewhat active
8583815059,2016-04-25,4503,2547.0,188.0,,,,,146.0,18.0,,,False,Monday,Sedentary
8583815059,2016-04-26,10499,3092.0,399.0,,,,,306.0,1.0,,,False,Tuesday,Active
8583815059,2016-04-27,12474,3140.0,370.0,,,,,211.0,77.0,,,False,Wednesday,Active
8583815059,2016-04-28,6174,2756.0,259.0,,,,,231.0,0.0,,,False,Thursday,Low active
8583815059,2016-04-29,15168,3508.0,530.0,,,,,371.0,46.0,,,False,Friday,Highly active
8583815059,2016-04-30,10085,3163.0,379.0,,,,,347.0,2.0,,,False,Saturday,Active
8583815059,2016-05-01,4512,2463.0,151.0,,,,,129.0,10.0,,,True,Sunday,Sedentary
8583815059,2016-05-02,8469,2016.0,0.0,,,,,0.0,0.0,,,True,Monday,Somewhat active
8583815059,2016-05-03,12015,2016.0,0.0,,,,,0.0,0.0,,,True,Tuesday,Active
8583815059,2016-05-04,3588,2016.0,0.0,,,,,0.0,0.0,,,True,Wednesday,Sedentary
8583815059,2016-05-05,12427,2230.0,70.0,,,,,70.0,0.0,,,True,Thursday,Active
8583815059,2016-05-06,5843,2681.0,216.0,,,,,190.0,2.0,,,False,Friday,Low active
8583815059,2016-05-07,6117,2809.0,250.0,,,,,250.0,0.0,,,False,Saturday,Low active
8583815059,2016-05-08,9217,2939.0,335.0,,,,,257.0,3.0,,,False,Sunday,Somewhat active
8583815059,2016-05-09,9877,2938.0,316.0,,,,,180.0,66.0,,,False,Monday,Somewhat active
8583815059,2016-05-10,8240,2839.0,275.0,,,,,214.0,9.0,,,False,Tuesday,Somewhat active
8583815059,2016-05-11,8701,2729.0,327.0,,,,,246.0,5.0,,,False,Wednesday,Somewhat active
8583815059,2016-05-12,0,,,,,,,,,,,False,Thursday,Sedentary
8792009665,2016-04-12,2564,2040.0,116.0,68.92157638065112,48.0,135.0,7.633333333333334,116.0,0.0,,,False,Tuesday,Sedentary
8792009665,2016-04-13,1320,1936.0,82.0,68.50609149676778,43.0,121.0,8.85,82.0,0.0,,,False,Wednesday,Sedentary
8792009665,2016-04-14,1219,1960.0,84.0,69.08939820399411,46.0,124.0,8.1,84.0,0.0,,,False,Thursday,Sedentary
8792009665,2016-04-15,2483,2008.0,126.0,66.8635228848821,49.0,116.0,6.05,126.0,0.0,,,False,Friday,Sedentary
8792009665,2016-04-16,244,1713.0,12.0,,,,,12.0,0.0,,,False,Saturday,Sedentary
8792009665,2016-04-17,0,1680.0,0.0,,,,,0.0,0.0,,,False,Sunday,Sedentary
8792009665,2016-04-18,0,1680.0,0.0,,,,,0.0,0.0,,,False,Monday,Sedentary
8792009665,2016-04-19,0,1680.0,0.0,,,,,0.0,0.0,,,False,Tuesday,Sedentary
8792009665,2016-04-20,3147,2189.0,159.0,69.61815840309079,44.0,120.0,8.8,149.0,0.0,,,False,Wednesday,Sedentary
8792009665,2016-04-21,144,1712.0,9.0,80.80434782608695,66.0,108.0,,9.0,0.0,,,False,Thursday,Sedentary
8792009665,2016-04-22,4068,2420.0,238.0,70.26147822992051,44.0,131.0,6.516666666666667,216.0,1.0,,,False,Friday,Sedentary
8792009665,2016-04-23,5245,2746.0,346.0,77.82583837273226,48.0,141.0,5.65,285.0,8.0,,,False,Saturday,Low active
8792009665,2016-04-24,400,1792.0,44.0,76.03863298662705,55.0,120.0,,30.0,3.0,,,False,Sunday,Sedentary
8792009665,2016-04-25,0,1680.0,0.0,,,,,0.0,0.0,,,False,Monday,Sedentary
8792009665,2016-04-26,1321,1922.0,80.0,69.84311892296185,54.0,114.0,,80.0,0.0,,,False,Tuesday,Sedentary
8792009665,2016-04-27,1758,2066.0,112.0,68.79205329526529,43.0,132.0,7.05,112.0,0.0,,,False,Wednesday,Sedentary
8792009665,2016-04-28,6157,2780.0,310.0,76.701621506294,44.0,134.0,6.7,310.0,0.0,,,False,Thursday,Low active
8792009665,2016-04-29,8360,3100.0,426.0,80.91153025710116,48.0,158.0,6.633333333333334,400.0,6.0,,,False,Friday,Somewhat active
8792009665,2016-04-30,7174,2897.0,371.0,81.46464198625581,48.0,132.0,5.716666666666667,331.0,10.0,,,False,Saturday,Low active
8792009665,2016-05-01,1619,1963.0,79.0,67.81017067223964,43.0,123.0,8.383333333333333,79.0,0.0,,,False,Sunday,Sedentary
8792009665,2016-05-02,1831,2013.0,101.0,67.40391870512353,45.0,129.0,6.916666666666667,101.0,0.0,,,False,Monday,Sedentary
8792009665,2016-05-03,2421,2298.0,156.0,74.37193973634652,45.0,119.0,8.6,156.0,0.0,,,False,Tuesday,Sedentary
8792009665,2016-05-04,2283,2065.0,129.0,74.97814661134163,51.0,114.0,7.316666666666666,129.0,0.0,,,False,Wednesday,Sedentary
8792009665,2016-05-05,0,1680.0,0.0,,,,,0.0,0.0,,,False,Thursday,Sedentary
8792009665,2016-05-06,0,1680.0,0.0,,,,,0.0,0.0,,,False,Friday,Sedentary
8792009665,2016-05-07,0,1680.0,0.0,,,,,0.0,0.0,,,False,Saturday,Sedentary
8792009665,2016-05-08,0,1680.0,0.0,,,,,0.0,0.0,,,False,Sunday,Sedentary
8792009665,2016-05-09,0,1680.0,0.0,,,,,0.0,0.0,,,False,Monday,Sedentary
8792009665,2016-05-10,0,,,,,,,,,,,False,Tuesday,Sedentary
8877689391,2016-04-12,23186,3916.0,581.0,86.54770531400966,47.0,164.0,,404.0,85.0,85.8000030517578,25.6800003051758,False,Tuesday,Highly active
8877689391,2016-04-13,15337,3565.0,576.0,84.74373324006062,50.0,160.0,,342.0,108.0,84.9000015258789,25.4099998474121,False,Wednesday,Highly active
8877689391,2016-04-14,21129,3790.0,528.0,85.32065217391305,50.0,169.0,,379.0,68.0,84.5,25.3099994659424,False,Thursday,Highly active
8877689391,2016-04-15,13422,3920.0,601.0,91.9323616955763,48.0,165.0,,388.0,106.0,,,False,Friday,Highly active
8877689391,2016-04-16,29326,4534.0,769.0,92.05598386905469,54.0,172.0,,552.0,94.0,85.5,25.5900001525879,False,Saturday,Highly active
8877689391,2016-04-17,15118,3538.0,511.0,87.87448891091563,51.0,167.0,,380.0,58.0,,,False,Sunday,Highly active
8877689391,2016-04-18,11423,2757.0,288.0,66.03913176398655,48.0,139.0,,225.0,29.0,85.8000030517578,25.6800003051758,False,Monday,Active
8877689391,2016-04-19,18785,3670.0,486.0,86.588675891837,49.0,178.0,,309.0,82.0,85.3000030517578,25.5300006866455,False,Tuesday,Highly active
8877689391,2016-04-20,19948,3671.0,482.0,85.49429998719098,51.0,173.0,,317.0,73.0,84.9000015258789,25.4099998474121,False,Wednesday,Highly active
8877689391,2016-04-21,19377,3661.0,498.0,87.1338696913743,53.0,170.0,,321.0,82.0,84.5,25.2900009155273,False,Thursday,Highly active
8877689391,2016-04-22,18258,3414.0,423.0,82.80519974635384,47.0,163.0,,299.0,61.0,,,False,Friday,Highly active
8877689391,2016-04-23,11200,3886.0,618.0,93.94363143631436,53.0,165.0,,408.0,102.0,85.5,25.5900001525879,False,Saturday,Active
8877689391,2016-04-24,16674,3449.0,421.0,87.28239436619718,51.0,171.0,,292.0,64.0,85.5,25.5900001525879,False,Sunday,Highly active
8877689391,2016-04-25,12986,3798.0,573.0,89.80294243986255,49.0,176.0,,339.0,113.0,85.4000015258789,25.5599994659424,False,Monday,Highly active
8877689391,2016-04-26,11101,2854.0,330.0,67.56028870648174,49.0,125.0,,283.0,22.0,85.0999984741211,25.4899997711182,False,Tuesday,Active
8877689391,2016-04-27,23629,3800.0,530.0,84.78037792516581,46.0,163.0,,336.0,93.0,85.4000015258789,25.5599994659424,False,Wednesday,Highly active
8877689391,2016-04-28,14890,3058.0,421.0,66.80925952972105,47.0,153.0,,297.0,58.0,85.0999984741211,25.4899997711182,False,Thursday,Highly active
8877689391,2016-04-29,9733,2694.0,274.0,64.45597935187841,47.0,131.0,,233.0,18.0,84.9000015258789,25.4099998474121,False,Friday,Somewhat active
8877689391,2016-04-30,27745,4388.0,603.0,102.18001487726258,49.0,170.0,,351.0,124.0,85.5,25.5900001525879,False,Saturday,Highly active
8877689391,2016-05-01,10930,2780.0,298.0,70.71352164465986,48.0,145.0,,214.0,36.0,85.3000030517578,25.5300006866455,False,Sunday,Active
8877689391,2016-05-02,4790,2181.0,105.0,65.86236338797814,47.0,108.0,,105.0,0.0,,,False,Monday,Sedentary
8877689391,2016-05-03,10818,2813.0,292.0,67.47034908173279,48.0,150.0,,251.0,19.0,84.9000015258789,25.4099998474121,False,Tuesday,Active
8877689391,2016-05-04,18193,3472.0,426.0,88.3719927687387,56.0,168.0,,286.0,66.0,84.4000015258789,25.2600002288818,False,Wednesday,Highly active
8877689391,2016-05-05,14055,3050.0,419.0,72.85128036769534,53.0,142.0,,270.0,67.0,,,False,Thursday,Highly active
8877689391,2016-05-06,21727,4003.0,554.0,92.84012007308797,47.0,177.0,,345.0,96.0,85.0,25.4400005340576,False,Friday,Highly active
8877689391,2016-05-07,12332,4125.0,642.0,100.99724106219105,56.0,166.0,,404.0,105.0,,,False,Saturday,Active
8877689391,2016-05-08,10686,2840.0,304.0,72.55052319225364,54.0,137.0,,266.0,17.0,85.4000015258789,25.5599994659424,False,Sunday,Active
8877689391,2016-05-09,20226,3695.0,474.0,89.61573830793483,51.0,176.0,,309.0,73.0,85.5,25.6100006103516,False,Monday,Highly active
8877689391,2016-05-10,10733,2826.0,300.0,71.54437680230696,50.0,141.0,,253.0,18.0,,,False,Tuesday,Active
8877689391,2016-05-11,21420,3827.0,501.0,89.14912169847086,48.0,180.0,,313.0,88.0,85.4000015258789,25.5599994659424,False,Wednesday,Highly active
8877689391,2016-05-12,8064,1771.0,197.0,71.08743947593278,53.0,122.0,,141.0,23.0,84.0,25.1399993896484,True,Thursday,Somewhat active
